,Upregulated,Downregulated
0,Taf9b,Scap
1,Tmem204,Ttyh1
2,Ccdc111,Tpm4
3,Zfp738,BC056474
4,Zscan22,Dab2ip
5,Atp8b1,Mpzl1
6,Zfp36l2,Limch1
7,H2-K1,Nat8l
8,Eea1,8430427H17Rik
9,Cltc,Lmna
10,Pid1,Hspa2
11,Senp7,Nup85
12,Zfp619,Epb4.1l1
13,Nlrp1a,Masp2
14,2610008E11Rik,Mars
15,Nuak1,Zc4h2
16,Pik3r6,Atg9a
17,Wapal,Rtn3
18,Hps5,ORF61
19,Zcwpw1,Dnmt3b
20,Iqsec2,Crtc1
21,Arhgap30,Usp22
22,Rsrc2,Git1
23,Mtus1,5730494M16Rik
24,Tceanc,Asap2
25,Asap3,Tacc2
26,Zfp658,Gm347
27,Il4ra,Syne2
28,Whrn,Phactr1
29,Unc13d,Parl
30,Txnip,Rpl34
31,Dock11,Zmiz2
32,Ccdc55,Slc7a6os
33,Ecm2,Zfp251
34,Slc2a9,Armcx6
35,Tgfbrap1,Thoc6
36,1500010J02Rik,Mxi1
37,Osm,11-Sep
38,Prkaa1,Mcart1
39,Dtx3l,BC088983
40,Zfp930,Zfp238
41,Zfp182,AU022252
42,D9Ertd402e,Ehmt1
43,Lipo1,Acd
44,Aim2,Adcy5
45,Zfp187,AI597468
46,Maml2,Wdr91
47,Sp140,Pfdn4
48,Snx13,Utp18
49,Rap1gap2,Rsad1
50,Sp3,Neurl4
51,Kbtbd7,Fam18a
52,Nufip2,Ptprd
53,Dcun1d2,E130308A19Rik
54,Inpp4b,Taf9
55,Cebpz,Cxx1b
56,Zfp62,Fbxo10
57,Cyb5d2,Crls1
58,2700007P21Rik,Brd9
59,Efcab4a,Snx32
60,Ccdc93,Ankrd28
61,LOC547349,Timm9
62,Pja2,Bod1
63,Tapbp,Ddx49
64,Camk2d,Zfp667
65,Ikzf1,Qsox1
66,Trim26,Tmem201
67,Otud7b,Trp53i11
68,Ccdc50,Vegfa
69,Pik3cd,Miip
70,Gm608,Serinc4
71,Zmynd15,Sufu
72,Specc1,Src
73,Smg1,Hmga1
74,Ecscr,Nr2c2ap
75,Dnajb14,Rfxank
76,Fbxo33,Cadm1
77,Zfp597,D4Ertd22e
78,Dnajc25,Snx22
79,Jrkl,Ensa
80,Znfx1,Npnt
81,Nlrc5,Magi1
82,Pnrc1,Atad5
83,Cln5,Zswim5
84,Hk3,Man1b1
85,Phactr2,Mettl17
86,Zfc3h1,Mcat
87,Slc4a7,Ndufs5
88,Spata13,Olfm4
89,Gxylt1,Gsk3a
90,Ddx31,Mrpl41
91,Zfp217,Klhdc9
92,BC013712,Gm166
93,Abcc4,Fam82a2
94,Ttc38,AI846148
95,Bank1,Sdhaf1
96,Gm694,Plekhm2
97,A230046K03Rik,Cln6
98,Itpripl2,Tmem181a
99,D630037F22Rik,C78339
100,Tmem104,Ncbp1
101,Gal3st4,Usp30
102,Jhdm1d,Ttc7b
103,Lrch1,AU021092
104,Tmed8,Fam195b
105,Kcnk6,Mettl21d
106,Layn,Cblb
107,Acsl6,Plekhg1
108,Evi2a,Ccdc109a
109,Mef2a,Tmem55b
110,I830077J02Rik,5031439G07Rik
111,Ube3a,Spryd3
112,BC096441,D17Wsu92e
113,Fam134b,Uap1l1
114,Golm1,Shb
115,St3gal5,Pdap1
116,Zfp748,Ccdc61
117,Nrbf2,Tmem231
118,Nacc2,BC023829
119,Slc41a3,Arhgef9
120,Adam15,Gas2l3
121,Adcy7,Ralgapa2
122,Arhgap25,Klhl21
123,Prps1l3,Zfp568
124,Card9,Fubp3
125,Sgk3,Alg10b
126,Cnot2,Zfp408
127,Csf1r,Pdp1
128,Atp11c,Atxn7l3b
129,Deptor,Iqgap3
130,Clec5a,Pgap3
131,Ets1,Acsl3
132,Zfp953,Ifitm6
133,Gngt2,Sorbs1
134,Gpr146,Xpo1
135,Atp8a1,Ap2b1
136,Kctd21,Ccne2
137,Mier1,Tomm40l
138,Sel1l,Rusc2
139,Zkscan4,Brms1l
140,Scoc,ORF19
141,Bicd2,Btrc
142,Cep350,Tcf25
143,Gmfg,Dhrs4
144,Zfp951,Dyrk1b
145,Wdr37,Grk6
146,4933421E11Rik,Anapc11
147,Plekhm3,Banf1
148,Dnm2,Glrx2
149,Parp14,Txnl4a
150,Edem3,Dnm3
151,Iffo1,Gng2
152,Arhgap12,Slc16a3
153,Zfp869,Elavl4
154,Arap1,Ccdc23
155,2810407C02Rik,Pigc
156,Filip1l,Tom1l2
157,Tet2,Asb1
158,Rap1gds1,Hnrnpa1
159,Nlrp1b,Morf4l1
160,Zhx1,Triobp
161,Hvcn1,Ube2j2
162,Cd74,Eif4e2
163,Smad7,C230096C10Rik
164,Gpcpd1,Hdhd2
165,Ccdc135,Nolc1
166,Fmn1,Slc22a15
167,Rad17,Nelf
168,Zfx,Tmsb10
169,Clpx,Pnkd
170,Akna,Dhps
171,Synj1,Gtf2a2
172,Clint1,Rrn3
173,Fkbp15,Pdxdc1
174,Morc3,Mlf1
175,Zzef1,Pkd1l3
176,Net1,Il1rn
177,Tnpo1,Tmem120b
178,Usp33,Strn4
179,Fcgr2b,Nynrin
180,Abi1,Ddx17
181,BC003331,1110020G09Rik
182,Git2,Flot2
183,Pik3r1,Tacc3
184,Ncoa2,Lepre1
185,Fmnl1,Golga7
186,Stag2,Tmem183a
187,Aff1,Rabl3
188,Fat3,Txnrd1
189,Cdc14a,Blm
190,Cass4,Capg
191,Zfp429,Apaf1
192,Rsbn1l,Hbs1l
193,Parp8,Ryk
194,Srgap2,Ilf3
195,Rlf,Ddhd1
196,4930420K17Rik,Mast2
197,Nav3,Neo1
198,Cdk13,Eml1
199,Ccdc90a,Zscan21
200,Ltn1,Slc7a2
201,Ogfrl1,Gcdh
202,Phf3,Mfge8
203,Esf1,Raph1
204,Cep152,Bahd1
205,Taf4a,Pick1
206,Rhoh,Rdbp
207,Tmf1,Dph3
208,Ipo8,5133401N09Rik
209,Cep63,Hnrnpab
210,Mtr,Nfyc
211,Upf2,Agbl5
212,Kif16b,Ap2a1
213,Tigd2,Hnrnpd
214,Myst3,Fhl1
215,4921513D23Rik,Ptbp1
216,Chsy1,Nrp2
217,Kif13b,Gnas
218,Lemd3,Nme2
219,Arid4a,2010321M09Rik
220,Dpy19l4,Prmt2
221,Ptafr,Hdac5
222,Ddx60,Srsf1
223,Phip,Tmem134
224,Esco1,Glyr1
225,Fam178a,Hnrnph3
226,Tsc22d2,Paip1
227,Pigg,Fgfr1
228,Tln2,Rnps1
229,Lrch3,Tmpo
230,Kdm3b,Clta
231,Mfsd7b,Gtf2i
232,Ccdc142,Ash2l
233,Rsf1,Znrf3
234,Tbc1d4,Lrp8
235,Mfhas1,Rbpj
236,9030418K01Rik,Ttc5
237,Ccdc88b,1500012F01Rik
238,Rprd2,Zc3h7b
239,Atf6,Adamts6
240,Taok3,Coq10a
241,Pik3r4,1110014N23Rik
242,Sipa1l2,Ptpn23
243,Stxbp5,Cep76
244,Rhobtb1,Cwf19l1
245,Nol8,Znhit6
246,Tbccd1,Zfp362
247,Dmxl1,Morn1
248,Mll3,Lmtk2
249,Csmd3,Arhgef17
250,Wdr67,Mki67
251,Bod1l,Zfp518b
252,Ankrd44,Fam171a1
253,Ino80d,Phf21b
254,Ppp2r5c,Sap30l
255,Zxdb,Pacs2
256,Tbc1d8b,Lama5
257,Ubr3,9430016H08Rik
258,Zfp800,Atp8b2
259,9430020K01Rik,BC057079
260,Trim21,Exosc7
261,Itgam,Eml5
262,Gbp7,B3galtl
263,Etv3,Irs2
264,Tns3,Ercc6
265,Liph,2410131K14Rik
266,Hiatl1,Fam65a
267,1600014C10Rik,Heatr2
268,Zfp467,Pgd
269,Smcr8,1700009P17Rik
270,Ppp1r3d,Clasp1
271,Zbtb34,Fat1
272,Gm13251,Taf2
273,Ogfod1,Map3k10
274,2410002O22Rik,Lphn2
275,Tmem176a,Tshz1
276,Myof,Ppp1r12b
277,Srp54c,Dnahc2
278,Msl2,Slc9a5
279,BC032203,Trrap
280,Arfgef1,Cenpf
281,Acbd5,Arhgap21
282,Cnnm2,Cep164
283,Steap2,Kidins220
284,Med7,Zfp777
285,Cdk12,Bcr
286,Atp7a,Dip2a
287,Cbfa2t3,Fbln2
288,Tmtc3,Furin
289,Cul4b,Plcd4
290,Mgat1,Sh2b1
291,Inpp5d,Gtf2ird1
292,Acvr1,Dgcr14
293,Gigyf2,Ccnd3
294,Ppm1h,Zfp664
295,Fyco1,Nfix
296,Tmem87a,Efr3b
297,Canx,Zfp266
298,Anxa7,Snrpn
299,Nfya,Sdr39u1
300,Runx1,Pja1
301,Cd33,Enah
302,Cd34,St7
303,Cd59a,Slc35a4
304,Comt,Mboat2
305,Lyn,Prr5l
306,Lipa,Plekhg2
307,Uba3,Rbck1
308,Lrrfip1,Zfp655
309,Ptprc,Dusp5
310,Abl1,2310030N02Rik
311,Slc8a1,Chmp6
312,Fxr1,Tmem8b
313,Mitf,Ccnyl1
314,Tbc1d14,Bhlhb9
315,Gls,Pik3c2b
316,Rnf13,Dnahc9
317,Ebf3,Tomm5
318,Thrb,Taf4b
319,Slain2,Rbm8a
320,Lair1,Add1
321,Frrs1,Alkbh1
322,Itga9,Nt5c3l
323,Irak2,Pcbp2
324,Ccpg1,Dtymk
325,Plcl1,Kif21a
326,Uspl1,Gas7
327,A630033H20Rik,Cnbp
328,Arhgap17,Dgcr2
329,Zcchc2,Dlg4
330,Pvrl4,Hnrnpm
331,Rhbdd1,Apold1
332,1110028C15Rik,D0H4S114
333,Casp8ap2,Col18a1
334,B3galt5,Eftud2
335,Pnp2,Tnk2
336,Naip2,Nxt1
337,Snx10,Yif1b
338,Atp13a3,Akt2
339,Cyld,Anxa6
340,Vps13d,Cbx5
341,Dock9,Ngfrap1
342,Gm2382,Acp1
343,Gspt1,Hmbs
344,Oxr1,Abhd14a
345,Phf17,Snx12
346,Sgce,Kif1a
347,Lpin1,Fiz1
348,Tcn2,Gprc5c
349,Nucb2,Gpatch4
350,Gpr160,Rbfox2
351,Apobec1,Dnpep
352,Fam116a,Crem
353,Lpgat1,Pigx
354,Dnaja3,Serpinh1
355,Ate1,Fkbp8
356,Hmox2,Atg16l2
357,Ikbkg,Stau2
358,Nfatc2,Sco2
359,Numb,Caprin1
360,Ptger4,Nedd9
361,Chdh,Cyth1
362,Gcnt1,Cyth2
363,Samhd1,Atp5c1
364,Nmi,Nfib
365,5730494N06Rik,Odf2
366,Rbm43,Sin3b
367,Lmo2,Gatad2a
368,Hmha1,Mocs2
369,Tcf7l2,Lrrc32
370,Nars,Amn1
371,Fam46c,Ctdsp2
372,H2-Q4,9-Sep
373,Ppfia4,Arhgef7
374,Spg20,4833420G17Rik
375,Zkscan3,Serbp1
376,Ctla2b,Stxbp1
377,Zfp790,Brd3
378,Itgb5,Pdlim7
379,Arhgef40,Smarcc2
380,Vwa5a,Tcf20
381,Slc37a2,Stox2
382,Parp4,4930506M07Rik
383,Gpr77,Slc16a10
384,Trim12c,Nedd4l
385,Fchsd2,Jmjd7
386,Wdfy4,Scfd2
387,Gfm2,Fnbp1l
388,Pik3cg,Suv420h2
389,Iigp1,Tssc4
390,Cables1,Ncaph2
391,Cln3,Dazap1
392,Chpt1,Suds3
393,Lgals9,Pde7a
394,Dip2b,Klhl26
395,Per1,Tnpo2
396,Irf1,Ubl7
397,Irf9,Fyn
398,Tnfsf13,Nab2
399,Fgd2,Nfia
400,Orc3,Aldh7a1
401,4632428N05Rik,Eif2b4
402,Eftud1,Inpp5a
403,Ly96,Dnajb6
404,Fbxl5,Drosha
405,Tor1aip1,Zfp207
406,Pum2,Arf1
407,A130010J15Rik,Hdac6
408,Fam46a,Hras1
409,Galnt1,Tpst1
410,Apobec3,Rpl35a
411,Rin3,Zkscan17
412,Nxt2,Kars
413,Tfeb,Megf11
414,Tap1,Cdv3
415,Ang,Ost4
416,Fmo5,AU019823
417,Myh11,Slc39a8
418,Ptk2b,BC024659
419,Chuk,Bscl2
420,Gab2,Ldha
421,Arrdc1,Eif2d
422,Sqrdl,Lsp1
423,Igsf10,P4ha2
424,Sesn1,Pitpnm1
425,Zfp934,Ssrp1
426,Dennd4a,Uba1
427,Mon2,Dnlz
428,Dnajc13,Nr4a2
429,Map3k15,Raly
430,Cog5,Ctnnbip1
431,Card6,Vipar
432,Etv1,Arpp19
433,AA987161,Cfb
434,Pxmp3,Ttll3
435,Cttnbp2nl,Atat1
436,Atp2a3,Fam188b
437,Rhot1,Slc6a8
438,Tatdn3,Moap1
439,Hspa5,AK010878
440,2700089E24Rik,Gm13889
441,Prorsd1,Use1
442,Tbck,Nucks1
443,Cyp2d22,Gpd2
444,Neurl1a,Specc1l
445,Atl3,Stk40
446,Itpripl1,Plcb1
447,Tmem175,Ralgds
448,5430427O19Rik,Slc25a44
449,Pou2f2,Zfp212
450,Fam102b,BC052040
451,Tmem170b,Btbd6
452,Parp10,Yeats2
453,Lrrcc1,Bace1
454,Plxdc1,Ndrg2
455,Nhsl2,R3hcc1
456,1810011H11Rik,Zfp444
457,Chn2,Hexdc
458,Pnpla2,Fam49a
459,Nlrx1,Homer3
460,Taok2,Slc11a2
461,Vav1,Rangap1
462,Ppp1r10,Mrps10
463,Ly6e,Dpy30
464,Stat5a,Pdgfrb
465,Tank,Emp3
466,Bcap29,Nap1l1
467,Add3,Smtn
468,Nfatc1,N6amt1
469,Mtm1,Ube2v2
470,Tmem176b,Eif4a1
471,Col4a3bp,Tnfaip1
472,Pwwp2a,Llgl1
473,Prpsap2,Guk1
474,Trpm7,Rab34
475,Erlin1,Rpl19
476,Ptpro,Ppm1b
477,Cnot4,H2afy
478,Kcnk13,Cox7a2l
479,Sipa1,H13
480,Rffl,Cd36
481,BC030336,Ephb4
482,Irf2bp2,Csnk1g2
483,Zfp809,Heph
484,Cyfip1,Prrc2b
485,9830001H06Rik,Rbm18
486,Dnaja1,Nadk
487,Zfp229,Prpf31
488,Pdcd6ip,2-Sep
489,Coro2a,Pvrl2
490,Ctage5,Dnajb2
491,Phc3,Hopx
492,Spopl,Zfand2b
493,Mgll,Kctd10
494,1-Mar,Ralgps2
495,Tnfaip3,Gnb1
496,Pls3,Dem1
497,Rasgrp3,Tmem9
498,3110052M02Rik,Fam168b
499,Dennd1b,Megf8
500,Sfmbt1,Sh3bp5l
501,8430408G22Rik,Ppp2r3a
502,Ccdc132,Slc3a2
503,Tcirg1,Cdkn1c
504,Fam45a,Ilk
505,Zfp764,Galnt6
506,Trmt2b,Lmo4
507,Arhgap39,Trim32
508,Cdk19,Gucy1b3
509,Phf14,Kdm4a
510,Mapk14,Mtx1
511,Sgms1,Fbxo44
512,Ctps2,Smarcb1
513,Lonp2,Myef2
514,Tifab,Dtnb
515,Tmcc3,Phyhipl
516,B3gnt2,Nsmce4a
517,Clec4a2,Rab11fip3
518,Mef2c,Spast
519,Krit1,Mdm1
520,Rnf144b,2410089E03Rik
521,Elmod2,Fam84b
522,Rcbtb2,Aen
523,Trim36,Pcx
524,Ahcyl2,Lrrc51
525,Prkd3,Phax
526,Hck,Eml2
527,Rbm41,Minos1
528,Taz,Tnik
529,Tfpi,Gprasp2
530,Ubr2,Haus8
531,Cpeb2,Eme2
532,Gm13476,Pcyt1a
533,1110001A16Rik,Hmg20b
534,Usp35,Lix1l
535,Gm14420,Fis1
536,Ccdc162,Lsm10
537,Sirpa,Med16
538,Homez,Zbtb5
539,Pfkfb3,Susd1
540,Tnfaip8,Pgap1
541,Clcc1,Get4
542,Snap23,Cdc42ep4
543,Frmd4a,Agpat1
544,Tirap,Snx11
545,Asph,Ppp2r3d
546,Rreb1,1810006K21Rik
547,Gpr155,Mttp
548,Camta2,Hectd2
549,Magt1,Rpl30
550,Gne,Pfkm
551,Dnajb11,Sema4a
552,Kat2b,Pgam5
553,Lims1,Plec
554,Nuak2,Exosc8
555,Pag1,Senp3
556,Gm4980,Satb1
557,Gm10345,Map3k12
558,5430411K18Rik,Osbpl3
559,Gm7694,Telo2
560,Itsn2,Rab6a
561,Sykb,Nosip
562,Golga5,Naaa
563,Lgals8,Rpap1
564,Ghitm,Bri3
565,Macf1,1190007F08Rik
566,Slc44a2,Klhdc3
567,Snx5,1110021J02Rik
568,Epb4.1l2,Spsb3
569,Gopc,6430548M08Rik
570,AI987944,Dom3z
571,4931406C07Rik,Orc6
572,Zfp839,Tbc1d24
573,Rapgef4,Smad5
574,Clec4a3,Polr3d
575,Gm4944,Tcf3
576,Arhgap27,Mcrs1
577,Tyk2,Pias2
578,Stat1,Cpsf1
579,Arap3,Lsr
580,Atg16l1,Nagk
581,Mavs,Mmp19
582,Slc4a10,Tsen34
583,9830147E19Rik,Romo1
584,Jmjd1c,Trim13
585,4933426M11Rik,Rpa1
586,Fam105a,Nrf1
587,Arntl,Rnf41
588,2010315B03Rik,Cuedc2
589,Itch,Efemp2
590,C87436,Atp13a2
591,Lcp1,Rab11fip2
592,Eef2k,Pqlc1
593,Zfp192,Ildr2
594,Ly6c1,Zfyve27
595,Acp2,Dap3
596,Adam10,Spats2l
597,Adrb1,Myo1h
598,Adrb2,Tsr2
599,Abcd1,Znf512b
600,Aldh3a2,Puf60
601,Amd2,Maf1
602,Birc3,Rnf14
603,Rhob,Mum1l1
604,Arhgdib,A730011L01Rik
605,Zfhx3,Ano8
606,Atf1,Tmem29
607,Atf3,Tomm6
608,Atp1b3,Fbxw2
609,Bcl2a1b,Grinl1a
610,Bid,Dcaf4
611,Bmpr2,Akt1
612,Zfp36l1,Ctnnb1
613,Birc6,Ckap5
614,Btg1,Gtf3c4
615,Btg2,Armc8
616,C1qa,Trmt112
617,C1qc,Armcx1
618,Calr,Rad52
619,Cap1,Armcx2
620,Capn3,Kif20a
621,Capza2,Rai14
622,Casp4,Arhgef25
623,Ccng2,Hnrnpf
624,Scarb2,Tbc1d25
625,Cd37,Slc25a14
626,Cd48,Vmac
627,Cd53,Hmga1-rs1
628,Cd9,Slc39a11
629,Cebpa,Eif5a
630,Socs3,Rbmx
631,Clk4,Spag7
632,Clock,Rhbdf2
633,Map3k8,Ift122
634,Cpox,Rbm10
635,Crat,Ankrd50
636,Csf2rb,Mbtps1
637,Csf2rb2,Gtf2e2
638,Csf3r,Zfp821
639,Ctsh,Atp2b4
640,Ddx5,G2e3
641,Reep5,Hook2
642,Slc26a2,Morf4l2
643,Egr1,Wwtr1
644,Elf1,Ube2m
645,Stx2,Tmem93
646,Pdia3,Dynll2
647,Etv6,Ttc23
648,Evi5,Men1
649,Ezh1,Plscr3
650,F5,Zfp574
651,F9,Zfp446
652,Acsl1,Tceal8
653,Fap,Gnl3l
654,Fech,Znrf1
655,Fgl2,Socs2
656,Fli1,Papd7
657,Fosb,Mlf2
658,Fzd4,Tmem229b
659,Fzd7,Btf3
660,Gdi2,Prkag2
661,Glul,Mthfd1l
662,Gpr65,Wibg
663,Cmklr1,Rnmt
664,Nr3c1,Hnrnpc
665,Grn,Mta3
666,Thumpd3,Yap1
667,H2-Oa,Bag1
668,H2-T24,Ttc4
669,Mr1,Cuedc1
670,Hcls1,Rnh1
671,Hhex,Traf7
672,Hlx,Aimp2
673,Hpgd,Dis3l2
674,Irf8,Flrt3
675,Idua,Camk2b
676,Irgm1,Smarca4
677,Ifngr2,Pcdha4-g
678,Il10ra,Aldoa
679,Il10rb,6-Sep
680,Il17ra,Heatr7b1
681,Il18,Zfp516
682,Il1b,Slc25a13
683,Il1r1,Slc25a22
684,Gimap1,0610010K14Rik
685,Impact,Ube2i
686,Inpp5b,Ect2
687,Ipp,Mrpl15
688,Itga6,Spna2
689,Itgav,Taf6l
690,Itgb2,Rapgef3
691,Itm2b,Otub2
692,Kcnd1,Gps1
693,Kcnj2,Whsc1
694,Klf2,1810020D17Rik
695,Klf3,Gpm6b
696,Kpna3,Naa10
697,Kpna4,Sfxn3
698,Lag3,Txnrd3
699,Ldhb,Clec4n
700,Sh2b3,Carkd
701,Lrmp,Abcf2
702,Lrp5,Aamp
703,Lrp6,2610002J02Rik
704,Ltc4s,Ddah2
705,Blnk,Dctn2
706,Cd180,2310016C08Rik
707,Lyl1,Dact1
708,Marcks,Dapk3
709,Mcl1,Dbf4
710,Mdm4,Ddx19b
711,Abcc1,Axl
712,Map3k5,Lancl1
713,Mertk,Lins
714,Mgp,Lsm6
715,Mrc2,Lysmd4
716,Mut,Cldn12
717,Ppp1r15a,Dlc1
718,Myo7a,Myst2
719,Ncf4,Nploc4
720,Ncoa3,Phc2
721,Nfkb1,Bbip1
722,Nfkbie,Commd7
723,Nmt1,Arhgap32
724,Nnt,Rcc1
725,Zfml,Abi2
726,Npc1,Postn
727,Pcolce,AB124611
728,Pctp,Bcar1
729,Padi2,Ctbp1
730,Pfkfb2,Dctn1
731,Phka1,Tjp2
732,Pip4k2a,Vdac3
733,Prkcb,Dcaf11
734,Prkcq,Wdr12
735,Lypla1,Slc29a1
736,Pla2g4a,Gpsm1
737,Serpine1,Sncaip
738,Plau,Ascc1
739,Pld1,Spag9
740,Pld2,Slc38a3
741,Pmp22,Maged2
742,Ppfibp2,Slc19a1
743,Ctsa,Tnip1
744,Ppt1,Lig1
745,Map2k1,Cd99l2
746,Dnajc3,Rpl34-ps1
747,Pten,Tmem164
748,Ptgs1,Dnmt1
749,Ptprj,Ei24
750,Ptprm,Daxx
751,Abcd3,2410004P03Rik
752,Rad50,Armcx4
753,Rasa3,C1qtnf1
754,Rb1,Spp1
755,Rgl2,AI607873
756,Rgs2,2410017P09Rik
757,Ripk1,Reep2
758,Rock1,Jarid2
759,Rock2,Jkamp
760,Rps6ka1,Jmjd4
761,Trim30a,Scarb1
762,Sat1,Yipf2
763,Scd1,Abhd4
764,Nptn,U2af2
765,Selplg,Parp6
766,Sepp1,Myst4
767,Sh3bp1,Psat1
768,St3gal2,Gramd4
769,Vps4b,Actr3
770,Sla,Itfg3
771,Slc12a2,Gsn
772,Slc4a1ap,Fam160a2
773,Hltf,Bcat2
774,Snta1,Cct3
775,Soat1,Ccdc85b
776,Sparc,Rassf1
777,Serpine2,Zfp383
778,Serpinb9,2310021P13Rik
779,Ss18,Rbmxl1
780,Zfp143,Aco1
781,Stat6,Acvr1b
782,Stk10,Plin2
783,Stx4a,Adh5
784,Syngr1,Adprh
785,Syngr2,Adssl1
786,Tep1,Adss
787,Terf1,Slc25a4
788,Tgfb2,Prdx6
789,Tgfbr1,Ap1g2
790,Tgfbr2,Ap1m1
791,Tgif1,Ap1s1
792,Tgm2,Ap2a2
793,Thbd,Aplp1
794,Tjp1,Aqp1
795,Tnfrsf11a,Rplp0
796,Top3a,Arf2
797,Tpp2,Arf3
798,Tpst2,Arf4
799,Tnfsf10,Arf5
800,Ttf1,Arf6
801,Tgoln1,Rhoc
802,Tgoln2,Arnt2
803,Tuba4a,Atp5a1
804,Ubr1,Atp5k
805,Kdm6a,Atp6v1b2
806,Was,Atpif1
807,Rnf103,Slc7a1
808,Zfand5,Bad
809,Zbtb7b,Bak1
810,Abcb7,Bax
811,Abcg1,Bcl6b
812,Adam17,Phb2
813,Adamts1,Bckdha
814,Adcy9,Bcl2l2
815,Adora3,Bgn
816,Parp2,Bpgm
817,Agtrap,Bsn
818,Alox5ap,C1qbp
819,Amd1,Ddr1
820,Ampd3,Anxa2
821,Bin1,Calm3
822,Ankfy1,Calu
823,Aox1,Caml
824,Ap1g1,Casp2
825,Ap3b1,Casp7
826,Xiap,Cav1
827,Arhgap5,Cbr1
828,Arsb,Cbx1
829,Atp1b1,Cct2
830,Atp10a,Cct5
831,B2m,Cct7
832,Bcl6,Cd1d1
833,C1qb,Cdc25a
834,C3ar1,Cdk1
835,Cask,Cdh2
836,Casp1,Cdkn1a
837,Casp8,Cenpb
838,Cast,Cetn3
839,Rb1cc1,Cfl1
840,Ccng1,Cfl2
841,Cd14,Cirbp
842,Cd2ap,Cxcr7
843,Entpd1,Cnn2
844,Cd68,Col5a2
845,Cd80,Col1a2
846,Cd83,Cox5a
847,Cebpb,Cox6a1
848,Cebpg,Crcp
849,Cfh,Cry1
850,Tpp1,Csrp1
851,Ccr2,Csrp2
852,Ccr5,Cstb
853,Cnr2,Ctsb
854,Cops2,Dck
855,Cpt2,Gadd45a
856,Creb1,Ddost
857,Cst3,Dhcr7
858,Ctsc,Dffb
859,Ctsd,Dll1
860,Cx3cr1,Dmd
861,Dbt,Dpagt1
862,Ddx3x,Drg1
863,Dnase2a,Atn1
864,Dok1,Dvl2
865,E2f3,Dvl3
866,S1pr4,E2f5
867,Edn1,Mapre1
868,Egr2,Ednrb
869,Eif2ak3,Phc1
870,Emr1,Eef2
871,Epha2,Ddx19a
872,Samd9l,Eif4e
873,Eya4,Eif4ebp1
874,Fcer1g,Elk1
875,Fcgr1,Eln
876,Fcgr3,Aimp1
877,Fes,Emd
878,Il4i1,Enc1
879,Fkbp5,Epha4
880,Fkbp7,Ercc1
881,Fos,Ercc2
882,Gbp2,Erh
883,Gem,Ewsr1
884,Ggps1,Ezh2
885,Ggta1,F8a
886,Tsc22d3,Faf1
887,Gclc,Fasn
888,Gm2a,Fbn1
889,Gna15,Fen1
890,H2-Aa,Ppm1g
891,H2-D1,Smc2
892,H2-Eb1,Fkbp1a
893,H2-DMa,Foxm1
894,H2-DMb1,Flot1
895,H2-Ob,Fstl1
896,H2-T23,Ganab
897,Herc2,G6pdx
898,Hexb,Slc37a4
899,Hfe,Galc
900,Hif1a,B4galnt1
901,Hspd1,Mtpn
902,Hspa1b,Gja4
903,Hspa1a,Gclm
904,Hsp90aa1,Glud1
905,Ids,Gnl1
906,Ier5,Gnb2l1
907,Ifnar2,Gpc4
908,Ifngr1,Gpi1
909,Il18bp,Grik5
910,Ikbkb,Gss
911,Il16,Gtl3
912,Il1a,H1f0
913,Il6ra,Slc39a7
914,Il6st,H3f3a
915,Invs,Hars
916,Cd47,Hcfc1
917,Itpr2,Hdac2
918,Jun,Hdc
919,Uhmk1,Hdgfrp2
920,Klf4,Hells
921,Mafb,Hint1
922,Lamp2,Hmgn1
923,Laptm5,Hmgb2
924,Lcp2,Hmgcr
925,Lipe,Hmgcs2
926,Psmb8,Hn1
927,Ly6a,Hsd17b4
928,Ly86,Hsf2
929,Lyst,Hspg2
930,M6pr,Ndst1
931,Man1a2,Id3
932,Man2b1,Igfbp2
933,Matk,Igfbp3
934,Mid1,Eif3e
935,Mllt10,Itgal
936,Mpeg1,Kif2a
937,Cited2,Kif3a
938,Msn,Kif3c
939,Myd88,Klc1
940,Naip5,Lamb1
941,Naip6,Lamb2
942,Ncf1,Mycl1
943,Ncf2,Lpl
944,Nck1,Lta4h
945,Nfatc3,Ltbp3
946,Nfe2l2,Ltf
947,Nfkbia,Alad
948,Nsmaf,Smad4
949,P2rx4,Mapkapk2
950,P2rx7,Mcm3
951,P4ha1,Mcm2
952,Pde3b,Mcm4
953,Pdgfb,Mcm5
954,Abcb1b,Mcm6
955,Abcb1a,Mcm7
956,Pik3c2a,Anapc1
957,Pikfyve,Mest
958,Lilrb3,Mmp14
959,Prkca,Mmp15
960,Prkcd,Mnat1
961,Papola,Mdh2
962,Plod1,Mras
963,Lgals3bp,Mrc1
964,Srgn,Msh2
965,Prkdc,Mt2
966,Eif2ak2,Mtap1b
967,Pros1,Mtf1
968,Lgmn,Mthfd2
969,Psap,Gadd45b
970,Ptgs2,Nap1l4
971,Ptpn1,Nedd8
972,Ptpn18,Ngp
973,Ptpre,Nid2
974,Rab20,Map4k4
975,Rad51l3,Nipsnap1
976,Ranbp2,Nme1
977,Rbl1,Nmt2
978,Rbl2,Notch3
979,Rfc1,Npdc1
980,Rlim,Npm1
981,Dhrs3,Ctnnd2
982,Uimc1,Nsg2
983,Scn1b,Ntn1
984,Ccl12,Nxn
985,Ccl2,Oaz1
986,Clcn4-2,Pafah1b2
987,Ccl3,Pcmt1
988,Serpinf1,Pde6d
989,Sgk1,Cfp
990,St6galnac4,Pfkl
991,Skil,Pgk1
992,Slc16a7,Pik3r2
993,Slc22a5,Pim1
994,Slc7a7,Pip5k1c
995,Smarca2,Pip5k1a
996,Sptlc2,Pitpna
997,Stat5b,Prkaca
998,Stxbp3a,Pkia
999,Tal1,Plat
1000,Tap2,Plxna1
1001,Tbxas1,Plxna2
1002,Tgfb1,Plxna3
1003,Nr1d2,Pms2
1004,Timp2,Pola1
1005,Atp6v0a2,Pola2
1006,Tln1,Pold2
1007,Tbpl1,Por
1008,Tlr6,Ppic
1009,Tnfrsf17,Ppm1a
1010,Tnfrsf1a,Ppp3cb
1011,Tnfrsf1b,Prim1
1012,Tnfsf12,Prim2
1013,Nr2c1,Prkar2a
1014,Hsp90b1,Prkcsh
1015,Tyrobp,Map2k3
1016,Zrsr1,Prox1
1017,Usp12,Psma2
1018,Ucp2,Psmb4
1019,Utrn,Psmb6
1020,Vipr1,Psmc1
1021,Trpv2,Psmc3
1022,Fmnl3,Psmc5
1023,Xdh,Psmd4
1024,Xlr,Twf1
1025,Ercc5,Ptma
1026,Siae,Ptn
1027,Ywhah,Ptprg
1028,Zfp106,Ptprk
1029,Zfp148,Abcd4
1030,Zfp36,Pex5
1031,Zfp90,Rab11b
1032,Ikzf2,Rab24
1033,Slc30a4,Rab4a
1034,Klf6,Rab7
1035,Creg1,Rad21
1036,Dmtf1,Rad23a
1037,Ets2,Rad23b
1038,Fyb,Rbbp4
1039,Ggt5,Rbbp7
1040,Gpr34,Rbm4
1041,Lynx1,Rcn1
1042,Pacsin2,Reps1
1043,Twf2,Rfng
1044,Rngtt,Trim27
1045,Sgcb,Rfx2
1046,Slc35a1,Rgs5
1047,Spry1,Ring1
1048,Tlr2,Rit1
1049,Ubl3,Rpl22
1050,Xrn1,Rpl26
1051,Abcg2,Rpl29
1052,Dapp1,Polr1c
1053,Map3k2,Polr1d
1054,Map3k3,Polr2c
1055,Orc4,Rps15
1056,Plod3,Rps17
1057,Abcd2,Rps4x
1058,Cep110,Rps5
1059,Serinc3,Rps8
1060,Cul1,Rrm1
1061,Irf5,S100a10
1062,Anxa3,S100a9
1063,Btk,Sar1a
1064,Cd84,Scd2
1065,Cr1l,Cxcl2
1066,Elk3,Sec23a
1067,Ptpn6,Sepw1
1068,Hspa1l,Shfm1
1069,Hsph1,Siah1a
1070,Hspb1,St3gal4
1071,Lifr,Slc16a2
1072,Psmb9,Slc1a5
1073,Kitl,Smarcc1
1074,Slc11a1,Smpd2
1075,Pnp,Sms
1076,Sypl,Snrnp70
1077,Psmb10,Snrpb
1078,Ptger1,Snrpd1
1079,Dusp1,Snrpe
1080,Ccl4,Sox4
1081,Sema4d,Strbp
1082,Sp1,Sqle
1083,Sp100,Srm
1084,Irf4,Srp14
1085,Txnrd2,Srprb
1086,Azi2,Taf6
1087,Tceb3,Tarbp2
1088,Dok3,Tbca
1089,Nbn,Tcea2
1090,X99384,Vps72
1091,Dnajb9,Acat2
1092,Yme1l1,Ppp2r5d
1093,Pign,Tex9
1094,Abcc5,Tfdp1
1095,Mkln1,Tgfb1i1
1096,Nagpa,Tsc22d1
1097,Plk3,Tkt
1098,H2-M3,Pglyrp1
1099,Hk2,Top2b
1100,Xbp1,Tpi1
1101,Abca7,Traf4
1102,Bag3,Tob1
1103,Zfp385a,Tpt1
1104,Plcl2,Ctr9
1105,Ulk2,Rpl13a
1106,Zfp292,Psmd3
1107,Fbxw4,Ttc3
1108,Usp25,Tuba1c
1109,Slc33a1,Tubb2a
1110,Galnt4,Ube2e3
1111,Enpp2,Ube2e1
1112,Zeb2,Ube2l3
1113,Fgd3,Sumo1
1114,Ercc4,Usp10
1115,Lats2,Ulk1
1116,Hist1h1c,Umps
1117,Icosl,Urod
1118,Crim1,Uros
1119,Atp8a2,Usf1
1120,Rgs1,Vamp2
1121,Fbxl3,Vcl
1122,Reck,Ezr
1123,Smad3,Wee1
1124,Itgb3,Zmat3
1125,Bnip2,Xrcc1
1126,Stx7,Ywhae
1127,Dgka,Zbtb17
1128,Nxf1,Trim25
1129,Rab33b,Zic2
1130,Cd164,Actg1
1131,Spint1,Adsl
1132,Slc40a1,Aebp1
1133,Slc7a8,Ahnak
1134,Rfx5,Anp32a
1135,Polm,Anxa5
1136,Ccrl2,Ap2m1
1137,Akap8l,Ap3s1
1138,Gbp3,Ap3s2
1139,Igtp,Apbb1
1140,Golga4,Apex1
1141,Rassf5,Apoe
1142,Ctnnal1,Nr2f2
1143,Wbp4,Aprt
1144,Skap2,Arsa
1145,Crlf3,Atf4
1146,Egr3,Atp5f1
1147,St3gal6,Atp6v0c
1148,Extl3,Axin1
1149,Dnajb1,Bckdk
1150,Socs6,Bcl2l1
1151,Sgsh,Glb1
1152,Sh2b2,Bcl2l11
1153,Dclre1a,Bsg
1154,Gpr56,Bub3
1155,Pigb,Calm1
1156,Cd86,Capn2
1157,Irgm2,Capns1
1158,Unc93b1,Cat
1159,Hpgds,Casp3
1160,Apbb1ip,Cbfa2t2
1161,Sh3glb1,Ccna2
1162,Aif1,Ccnd2
1163,Ebag9,Ccrn4l
1164,Uso1,Cct4
1165,Plek,Cct6a
1166,Rhog,Cct8
1167,Ube2j1,Cd24a
1168,Plxnb3,Cd44
1169,Ubc,Cdh5
1170,Wsb1,Cdk4
1171,Socs5,Cdk5r1
1172,Pias1,Cdk7
1173,Elf4,Cdkn1b
1174,Srpk3,Ift81
1175,Arid3b,Cish
1176,Usp8,Cmas
1177,Asah1,Cxcr4
1178,B4galt6,Col4a1
1179,Nupr1,Col4a2
1180,Slc2a5,Copa
1181,Serinc1,Coq7
1182,Clip1,Cox4i1
1183,Akap8,Cplx2
1184,Tbk1,Dpysl2
1185,Dnajc7,Cry2
1186,Acp6,Cryz
1187,B4galt4,Csnk2b
1188,Pdlim5,Cyp1b1
1189,Sirt1,Dag1
1190,Ctsf,Eci1
1191,Akap10,Ddt
1192,Ranbp9,Dgat1
1193,Ccnl1,Dhfr
1194,Zfp111,Doc2a
1195,Pex3,Dpm1
1196,Stat2,Dpm2
1197,Sort1,Sparcl1
1198,Fam48a,S1pr3
1199,Mbnl1,Eef1a1
1200,Lat2,Efnb1
1201,Arhgap31,Efnb2
1202,Tob2,Rhbdf1
1203,Alas1,Ehd1
1204,As3mt,Eif1a
1205,Herpud2,Pou6f1
1206,Zc3h8,Emp1
1207,Srd5a3,Khdrbs3
1208,Tk2,Ext1
1209,Cxcl10,Ext2
1210,Ctss,Fcgrt
1211,Tlr4,Fdft1
1212,Cd200r1,Fem1a
1213,Sh3kbp1,Fem1b
1214,Sall1,Fgf13
1215,Hs1bp3,Fhit
1216,Rilpl1,Ctgf
1217,Slc35b4,Fkbp4
1218,Chst11,Flna
1219,Crbn,Fmo1
1220,Pmaip1,Fn1
1221,Mlxipl,Fpgs
1222,Mknk1,Ftl1
1223,Rnase4,Xrcc6
1224,Cysltr1,Gart
1225,Ngly1,Gdi1
1226,Chst12,Gja1
1227,Rnf130,Gna11
1228,Naip7,Gnai1
1229,Stard3,Gnai3
1230,Zfp191,Gnal
1231,Nek7,Gnpat
1232,Dctn5,Got2
1233,Chst7,Gpaa1
1234,Eed,S1pr2
1235,Qk,Gsr
1236,Tmod1,Grb10
1237,Il21r,Aes
1238,Cd274,Gstm1
1239,Foxj2,Gstm5
1240,Gtf2h2,Gsto1
1241,Fam129a,Gstz1
1242,B4galt1,Gusb
1243,Parvg,H2-Ke2
1244,Sdf2l1,Hdac3
1245,Herpud1,Hey1
1246,Itm2c,Hira
1247,Scamp2,H2afx
1248,Slc30a5,Hivep2
1249,Zfp110,Hmgb1
1250,Zfand6,Hsd17b7
1251,Pmepa1,Elavl1
1252,Asb2,Hyal2
1253,Cacnb2,Ica1
1254,Tor3a,Icam2
1255,Cxcl16,Id1
1256,Dusp12,Idh1
1257,Ppp1r7,Igf1r
1258,Slc30a7,Cyr61
1259,2010106G01Rik,Igfbp4
1260,Sbds,Igfbp5
1261,Pycard,Irs1
1262,Ubap1,Itga4
1263,Plekho1,Itga5
1264,Peli1,Eif6
1265,Samsn1,Itsn1
1266,Hist1h2bc,Jub
1267,Tmem86b,Kdr
1268,Rsc1a1,Khsrp
1269,Ptplb,Kif11
1270,Slc29a3,Kifap3
1271,Rab27a,Krt18
1272,Mccc1,Lama4
1273,Nipa2,Lamc1
1274,Crot,Ldlr
1275,Ehhadh,Lef1
1276,Uba7,Lig3
1277,Zfp84,Limk1
1278,Mphosph8,Lmnb1
1279,Etv5,Lmnb2
1280,Trim12a,Anxa1
1281,Jam2,Cd93
1282,Mtmr2,Mxd1
1283,Tsc22d4,Mad1l1
1284,Ern1,Mxd4
1285,Oxct1,Maff
1286,Chmp1b,Magoh
1287,Derl1,Mapkapk5
1288,Rexo2,Matr3
1289,Usp16,Maz
1290,Cyp27a1,Mea1
1291,Rrbp1,Mgat3
1292,Rmnd5a,Mllt4
1293,Tnfrsf23,Marcksl1
1294,Lap3,Mmp24
1295,Rab21,Psmd7
1296,Rap1b,Cd200
1297,Abhd12,Mpg
1298,Bhlhe41,Msh3
1299,Ublcp1,Sik1
1300,Gng10,Myo5a
1301,Slc31a2,Ndufs4
1302,Synj2bp,Nedd4
1303,Abhd6,Nf2
1304,Rmnd1,Nfatc2ip
1305,1110018J18Rik,Nfyb
1306,Acer3,Nid1
1307,Cd302,Rrp1
1308,Nemf,Cox4nb
1309,Camk2n1,Nras
1310,Ing5,Nsdhl
1311,Susd3,Ntan1
1312,Atp6v1c1,Oaz2-ps
1313,Iscu,Ogg1
1314,Ccdc82,Sqstm1
1315,Mterfd1,Rpsa
1316,Taf12,P4hb
1317,Acot11,Pcna
1318,Ntpcr,Cdk16
1319,3110001I22Rik,Pea15a
1320,Abi3,Per2
1321,Pigk,Pfdn2
1322,Col27a1,Pfn1
1323,Tmed7,Cdk14
1324,Tbc1d15,Piga
1325,Erlec1,Pkm2
1326,Etfdh,Plaur
1327,Fuca2,Pld3
1328,Ppp1r2,Pa2g4
1329,Tax1bp1,4-Sep
1330,1200014J11Rik,Polb
1331,Crnkl1,Cnot7
1332,Acadsb,Ppib
1333,Eif4e3,Ppp5c
1334,Naa16,Prkar2b
1335,Chordc1,Prnp
1336,Prpf38b,Procr
1337,Tmem206,Psmb1
1338,Oma1,Psmb5
1339,Fancl,Psmb7
1340,Dnajb4,Psme1
1341,Syap1,Psme3
1342,Lsm14a,Ptgfrn
1343,Dynlt3,Ptpn12
1344,Herc6,Ptprs
1345,Mis12,Rad9
1346,Tomm34,Pitpnm2
1347,Mtdh,Dpf2
1348,Ccdc47,Rev3l
1349,Dram2,Rgs16
1350,Cmtm6,Xpr1
1351,2810474O19Rik,Rnf4
1352,Herc4,Rpa2
1353,Zkscan6,Rpl6
1354,Ppil4,Rpl7
1355,Far1,Rpl9
1356,Mtpap,Polr2j
1357,Plxdc2,Sub1
1358,Ero1lb,Rps18
1359,1810074P20Rik,Rps24
1360,Agpat2,Rps6ka2
1361,Fgfr1op2,Ruvbl2
1362,Mfap1a,S100a6
1363,Slc25a30,Khdrbs1
1364,Gin1,Sars
1365,Tbc1d23,Sec22b
1366,Dusp6,Sema3f
1367,Samd8,Srsf2
1368,Slc25a37,Slc12a7
1369,Pnrc2,Slc2a1
1370,Atg3,Slc2a3
1371,Rab32,Slc7a5
1372,Rgs10,Slfn2
1373,Tmem100,Smn1
1374,Tmem86a,Sod1
1375,Rgs19,Sox7
1376,Zcchc10,Sox9
1377,Mphosph10,Serpinb6b
1378,6230427J02Rik,Spin1
1379,Cgnl1,Srebf1
1380,Leprotl1,Nhp2l1
1381,Fam111a,Stk16
1382,Mto1,Bhlhe40
1383,Rab14,Strap
1384,Lmbrd1,Eif1
1385,Tmem126b,Med22
1386,Slc46a1,Suv39h1
1387,Ndufaf4,Sdc3
1388,Uckl1,Sdc4
1389,Tmed10,Taldo1
1390,Ifi27l1,Skp1a
1391,Cgrrf1,Tcf12
1392,Ms4a6d,Zeb1
1393,Zfp644,Ubtf
1394,1190005F20Rik,Prdx2
1395,Ap1s2,Thoc4
1396,Cab39l,Cirh1a
1397,Cnot8,Thbs1
1398,Gsdmd,Tia1
1399,Sec62,Tie1
1400,Khnyn,Trim28
1401,Tnfaip8l2,Timm17b
1402,Ms4a6b,Timm44
1403,Ttc39b,Tle1
1404,Vrk2,Top2a
1405,Zfp715,Ppp1r13b
1406,2810422O20Rik,Tmem165
1407,Manba,Tpbg
1408,Mettl7a1,Tfrc
1409,Rpf1,Trip6
1410,Gcc2,Tsn
1411,Lman1,Tuba1a
1412,1700020O03Rik,Tuba1b
1413,Atp6ap2,Tubb5
1414,Bbx,Tuft1
1415,Rnf167,Tulp3
1416,Actr8,Txn1
1417,Tmem144,Ubb
1418,Kdsr,Ufd1l
1419,Cwf19l2,Uck1
1420,Cep192,Vars
1421,P2ry12,Vbp1
1422,Ttll7,Vdac1
1423,Usp15,Vegfb
1424,Oxsm,Lin7c
1425,Nipbl,Vim
1426,Otud1,Vtn
1427,Cpne3,Wbp5
1428,Ankrd40,Wdr1
1429,Alpk1,Wiz
1430,Grap,Dctn6
1431,Afmid,Ybx1
1432,Ifih1,Ywhaq
1433,Snx20,Zfp259
1434,Arhgef3,Zyx
1435,Slc46a3,Coro1c
1436,Cdc40,Akt3
1437,Tns1,Arih2
1438,Ppp1r12a,Capn10
1439,Ulk3,Car14
1440,Ankle2,Cfdp1
1441,Pdgfd,Farsb
1442,Ints12,Fbln5
1443,Rnf180,Fxr2
1444,Acsl5,Gmcl1
1445,Tmem106b,Pigq
1446,Paqr7,Hax1
1447,Tom1l1,Hs2st1
1448,Endod1,Impdh1
1449,Rnf135,Impdh2
1450,Cyb5r1,Map2k5
1451,Fundc1,Mapk7
1452,Zfp654,Mta2
1453,Slc39a4,Papss1
1454,Cnpy3,Pcbp1
1455,Tmem68,Eci2
1456,Ddb2,Med24
1457,Scaf11,Prkra
1458,Fbxl20,Psmc4
1459,Tbc1d5,Psmd13
1460,Tram1,Rnasel
1461,Cyth4,Mrps12
1462,Pinx1,Sh3bp5
1463,Lrpprc,Spry2
1464,Prcp,Mpdu1
1465,Tmem87b,Whsc2
1466,Tmem173,Ing1
1467,Naalad2,Angptl2
1468,Zufsp,Cd97
1469,Pan3,Clcn6
1470,Anks3,Fto
1471,Pus10,Mapkbp1
1472,Zfp518a,Lypla2
1473,Tmem135,Map2k6
1474,Pot1b,Mapk1
1475,Ccnt2,Nubp1
1476,Trip11,Nubp2
1477,Phospho2,Psma1
1478,1700049G17Rik,Psma4
1479,Klraq1,Psma5
1480,D3Ertd751e,Psma6
1481,Obfc2a,Psma7
1482,Rin2,Psmb2
1483,Nfam1,Psmb3
1484,Esyt2,Rpl27a
1485,Paqr5,Slc27a1
1486,Slc35a5,Ncdn
1487,Sash3,Slc27a4
1488,Scyl3,Slc7a11
1489,Dock8,Cops3
1490,Gbe1,Rcn2
1491,P2ry13,Cops6
1492,1700017B05Rik,Cops7a
1493,Ctbs,Med14
1494,Tmem110,Eif2s3x
1495,Dnajc14,Zfp346
1496,Snx19,Mprip
1497,Tmed5,Ecsit
1498,Lonrf3,Slc9a3r1
1499,Rptor,Rps3
1500,Dpp8,Rpl8
1501,Ppapdc2,Aoah
1502,D14Abb1e,Atp1b2
1503,Snx29,Gla
1504,Tmem33,Atp6v0d1
1505,8430406I07Rik,Bop1
1506,Tmem168,Cpe
1507,Pck2,Stom
1508,Elovl7,Gnb4
1509,Scrn3,Gpr162
1510,Spsb1,Leprel2
1511,Tmem188,Grcc10
1512,Pcf11,Emg1
1513,Pik3cb,H2-Ke6
1514,Tmx4,Il2rg
1515,Scamp1,Lrpap1
1516,Rnf19b,Mbd3
1517,Etnk1,Mt1
1518,Tti1,Odc1
1519,Pibf1,Pam
1520,Fpgt,Ppp1cc
1521,Akap13,S100a8
1522,Zbtb4,Sf3a2
1523,2310035C23Rik,Sema3c
1524,Gns,Sh3gl1
1525,Fam35a,Snap91
1526,Zdhhc20,Supt5h
1527,Gpr165,Tcf4
1528,0610040J01Rik,Tcp1
1529,Ndfip2,Usp5
1530,Txndc11,Ugt1a2
1531,Abcc3,Cops5
1532,Slamf9,G3bp1
1533,Prss23,Trappc3
1534,Msrb2,Rpl7a
1535,Stambpl1,Syn3
1536,Spcs3,Rps11
1537,Atxn3,Trp53bp1
1538,Mospd2,Pla2g7
1539,Slc10a7,Pdk4
1540,Sdccag8,Nufip1
1541,Polr3f,Tnfrsf12a
1542,Scfd1,Sepx1
1543,Arsk,Rps26
1544,Gpbp1l1,Prmt5
1545,A930001N09Rik,Slc25a10
1546,Rgs7bp,Ptdss2
1547,Ptgr2,Ip6k1
1548,Gabpb2,Sergef
1549,C330018D20Rik,Cdk2ap1
1550,Irak4,Epb4.1l3
1551,Ptprb,Sfrp1
1552,Pigh,Vps45
1553,Cryl1,Limd1
1554,Ccdc76,Tpk1
1555,Golgb1,Ndrg3
1556,Gpr108,Tnfrsf19
1557,Acap2,Pmm1
1558,Csgalnact2,Rnf11
1559,Mctp1,Clic4
1560,Hspa13,Timm13
1561,Sfi1,Timm8b
1562,Parp9,Timm10
1563,Lysmd3,Fkbp3
1564,Slc19a3,Fbxw5
1565,Cwc22,Fbxl6
1566,N4bp1,Zfp354c
1567,Nfkbiz,Abt1
1568,Trim34a,Acox1
1569,Slco1a4,Ddb1
1570,Igsf6,Hspa14
1571,Sacm1l,Isg15
1572,Lrba,Mapk6
1573,Niacr1,Lsm4
1574,Fcrls,Ppap2c
1575,Slamf6,Stra13
1576,Erap1,Cldn1
1577,Gpr84,Rab10
1578,Acox3,Keap1
1579,Tbl1xr1,Uba2
1580,Sgpp1,Hnrpdl
1581,Hspa8,Incenp
1582,Sf3b1,Nes
1583,Siglece,Coil
1584,Tgfa,Hmgn5
1585,Ctns,Nup50
1586,Trem2,Scly
1587,Plekha2,Galns
1588,Pik3ap1,Uchl3
1589,Gtf2a1,Stip1
1590,Prkab1,S100a11
1591,Ghdc,Cdc37
1592,Slmap,H2afz
1593,Copb1,Slc35b1
1594,Dock2,Lxn
1595,D17H6S53E,Hsd17b10
1596,Vps37a,Prdx4
1597,Cnnm4,Pbx3
1598,Peli2,Atp5b
1599,Ophn1,Dnajc5
1600,Atg5,Mybbp1a
1601,Clec2d,Nasp
1602,Trim11,Prkag1
1603,Slc24a3,Plrg1
1604,Myo1f,Ube2k
1605,Elac1,Txnl1
1606,Hsd17b11,Srpk1
1607,Gtf2ird2,Vti1b
1608,Tgs1,Stx1a
1609,Pip4k2c,Mtx2
1610,Ivns1abp,Hnrnpa2b1
1611,Elmo1,Atxn10
1612,Helb,Exoc7
1613,Hnmt,Bysl
1614,Tm9sf2,Actr1a
1615,Ssfa2,Eif3g
1616,Rnf216,Sart1
1617,Acss1,Dctn3
1618,Hps3,Ppp2r1a
1619,Bmp2k,Ccs
1620,Asb13,Ak2
1621,Tlr3,Esd
1622,Snx18,Galk1
1623,Adrbk1,Sec61a1
1624,Usp48,Porcn
1625,Cyp4f13,Blcap
1626,Rogdi,Nudt5
1627,Eps8l2,Fanca
1628,Il1rl2,Sart3
1629,Tlr7,Hmgn2
1630,Bco2,Rps3a
1631,Gcnt2,Phgdh
1632,Acbd3,Nfil3
1633,Cd209a,Ppp2cb
1634,Rbm39,Tef
1635,Tm9sf3,Clpp
1636,Slc12a6,Mrpl39
1637,Cd81,Atf6b
1638,Ier3,Zfp316
1639,Rp2h,Dnalc4
1640,Sult1a1,Copg2
1641,Smap2,Rp9
1642,Tmem30a,Rai12
1643,2610018G03Rik,Bet1l
1644,Insig2,Agpat6
1645,Errfi1,Sema6a
1646,Efr3a,Eif3d
1647,Icmt,Ywhab
1648,Pla2g15,Nme6
1649,Uap1,Gipc1
1650,Stk17b,Prpf40b
1651,Ehd4,Foxo4
1652,Usp53,Eef1b2
1653,Olfml3,Ubqln2
1654,Cept1,Eif3i
1655,Osbpl9,Syt11
1656,Smpdl3b,Mkrn1
1657,Slc15a4,Nup210
1658,N4bp2l1,Sertad1
1659,Papd4,Rplp1
1660,Rasa4,Ift20
1661,Nfxl1,Gas8
1662,Fbxl14,Pebp1
1663,Cyp4v3,Rpl41
1664,Trf,Slc1a4
1665,Cmtm7,Nop58
1666,Il13ra1,Ywhag
1667,Pnpo,Paxip1
1668,Ccdc117,Nprl2
1669,Smek2,Cyp39a1
1670,Slc16a6,Exosc9
1671,BC016423,Cyhr1
1672,Rbm26,Pabpn1
1673,Sft2d1,Rnf5
1674,Gpsm3,Pfn2
1675,Lpxn,Ppp2ca
1676,Slc25a45,Cd320
1677,AF251705,Gabbr1
1678,Havcr2,Stk19
1679,Rgs3,Ramp2
1680,Dst,Paf1
1681,Trpm2,Rcan1
1682,Bmf,Pqbp1
1683,Fam3c,Hes6
1684,Zcchc7,Panx1
1685,D6Wsu163e,Ppie
1686,Arhgap4,Rala
1687,Hps4,Olfm1
1688,Cds2,Mad2l1
1689,Tab2,Rabggta
1690,Edem1,Psmg1
1691,Ash1l,Rbm38
1692,Sdpr,Ptbp2
1693,Tmlhe,Tdp2
1694,Wdr81,Htra1
1695,Ripk2,Tspan5
1696,Vps54,Wwox
1697,Tnip2,Patz1
1698,Carf,Scamp4
1699,Gbgt1,Ccl24
1700,Fgd4,Becn1
1701,Mcfd2,Napb
1702,Mylk,Tspan7
1703,Fktn,Stmn1
1704,Sec14l2,Rpn2
1705,Zc3h11a,Rpl21
1706,Mudeng,Metap2
1707,Cdkal1,Gosr2
1708,Rab3il1,Ptpn9
1709,Trib1,Asna1
1710,Lgi4,Tspan6
1711,Tmem63a,Hsd17b12
1712,Depdc7,Ykt6
1713,Prdm9,Actl6a
1714,Cbx7,Ppp4c
1715,Tnrc6b,Ncs1
1716,BC017643,Dynll1
1717,Heatr1,Ruvbl1
1718,Zmym5,Cib2
1719,Mtmr6,Ddx39b
1720,Fam49b,Aldh18a1
1721,Zdhhc5,Rbms2
1722,Pet112l,Rbx1
1723,Slc35a3,Kcmf1
1724,Rod1,Arl3
1725,6330416G13Rik,Stub1
1726,Daglb,Apip
1727,Med17,Tusc2
1728,Csad,Pdcd5
1729,Rbm7,Sae1
1730,Lpcat3,Gabarap
1731,Tifa,Fzr1
1732,Mgl2,Mtch2
1733,Frmd4b,Amotl2
1734,Appl2,Arpc1a
1735,Tm6sf1,Tmed2
1736,Lpcat1,1110004F10Rik
1737,Lactb2,Rab9
1738,Tapbpl,Snd1
1739,Ythdf2,Vps29
1740,Casd1,Actr10
1741,Ube4a,Pldn
1742,Slc10a3,Kcnip3
1743,Mfap3,Maged1
1744,Arrb2,Dnaja2
1745,Cd300ld,Syncrip
1746,Ubxn2a,Ube2g2
1747,Mbip,Anapc7
1748,9030617O03Rik,Vapb
1749,Rasa1,Copz1
1750,Zswim6,Timm22
1751,Cerk,Arpc3
1752,Zfp160,Gsk3b
1753,Rhoq,Prmt1
1754,Sft2d2,Zmym3
1755,Spg11,B4galt5
1756,Edem2,Noa1
1757,Rap1a,Nudt3
1758,Krcc1,Rbm14
1759,Mob1a,Dnajb5
1760,Siglec5,Mtch1
1761,Zfp958,Uba52
1762,Zfp810,Ube2d2
1763,Narg2,Txn2
1764,Parp3,Mllt11
1765,Zfp71-rs1,Crtap
1766,Zfp709,Sumo3
1767,Pitpnc1,Pf4
1768,Nlrp3,Cript
1769,Tspan14,Clec4e
1770,AW549877,Ube2l6
1771,Zc3h7a,Sec11a
1772,Sumf1,Cnpy2
1773,Kbtbd2,Hacl1
1774,D15Ertd621e,Ick
1775,Cdc73,Mlst8
1776,Cep290,Aldh9a1
1777,Arhgap9,Alg2
1778,Flcn,Med8
1779,Evi2b,Cyp51
1780,Mgat2,Rfc2
1781,Lrrc33,Taf10
1782,Zadh2,Lpar2
1783,Tmem185b,Poll
1784,Hibch,Pigo
1785,Dclre1c,Dhodh
1786,A830007P12Rik,Med20
1787,Pbxip1,Trim44
1788,Golph3l,Tnfrsf10b
1789,Slc16a4,Dolpp1
1790,Tdrd7,Sap30bp
1791,Jak1,Srf
1792,Haus3,Slc25a20
1793,Tmem119,C1d
1794,Tubgcp5,Park7
1795,Lrrk1,Th1l
1796,Picalm,Terf2ip
1797,Zfp280d,Srsf4
1798,Actr2,Gabarapl1
1799,Pnpla7,Rps14
1800,Fam199x,Wdr46
1801,Vps39,Smarce1
1802,Abca9,Zbtb22
1803,Rps6ka3,Tyms
1804,Arhgef6,Grpel2
1805,Usp45,Ak3
1806,Sec63,Slc15a2
1807,Sirt7,Sec61a2
1808,Zfp472,Rnf25
1809,Fcrl1,Bin3
1810,St7l,Snrpa1
1811,Nupl2,Cdon
1812,Phospho1,Ptplad1
1813,Lysmd1,Drg2
1814,Traf3ip3,Rqcd1
1815,Wipf1,Ap4m1
1816,Slc36a1,Cobra1
1817,Ggnbp2,Slc43a3
1818,BC037034,Rnf8
1819,Gimap6,Shank3
1820,Fbxo7,Stx6
1821,Hbp1,1700123O20Rik
1822,Atp10d,Fibp
1823,Zbtb24,0610007P14Rik
1824,Eif2c3,Elp2
1825,Neurl3,Fzd3
1826,Wasf2,Prps1
1827,Dusp7,Akr1a1
1828,Pank2,Rbfox1
1829,Nckap1l,Rps6kb2
1830,Pilra,Arhgap23
1831,Tmem41b,Pole3
1832,Zcchc6,Maea
1833,Mboat1,Trappc2l
1834,Dennd1c,Anapc5
1835,Pms1,Thap11
1836,Nudt6,Mark3
1837,Gbp5,Rab2a
1838,Rps6ka5,Edf1
1839,Pcmtd2,Nampt
1840,Mylip,Rcl1
1841,4933403F05Rik,Psmd14
1842,Fermt3,Carm1
1843,Arhgap22,Smu1
1844,Dnttip2,Stk25
1845,Nupl1,Cope
1846,Cd300a,Wsb2
1847,Adap2,Nsa2
1848,Pdxk,Mettl9
1849,Nfkbid,Fam203a
1850,Twistnb,Mrps30
1851,Cep68,Midn
1852,Kdm1b,Agrn
1853,Phyhd1,Myg1
1854,Plcg2,Wbp11
1855,Dnajc16,Trappc4
1856,AI314180,Prkar1a
1857,Akr1b10,Tsg101
1858,Slc25a32,Qtrt1
1859,Ostm1,Dusp10
1860,Asxl2,Ube4b
1861,Dtx4,Sv2a
1862,Itih5,Eral1
1863,Tmc7,Gprc5b
1864,Mtrr,Rnf187
1865,Zfp719,Sirt2
1866,9030625A04Rik,Sirt3
1867,Diap2,Thop1
1868,Mfsd4,Nisch
1869,Fam126b,Suv39h2
1870,Tmem71,Polr1e
1871,Dstyk,Tsc1
1872,Hlf,Pes1
1873,Engase,Rpl23
1874,Lhfpl2,Nif3l1
1875,Wdr41,Arl6ip6
1876,Fcho2,Gfer
1877,6720456H20Rik,Pex19
1878,Clic5,Asb4
1879,Rbm27,Clstn1
1880,Pggt1b,Twsg1
1881,Mppe1,Mcam
1882,D18Ertd653e,Dab2
1883,Mapk4,Eno1
1884,AI848100,Rab8a
1885,F11r,Rce1
1886,Pdk1,Rps19
1887,Agps,Map2k2
1888,Ganc,Glrx3
1889,4932438A13Rik,Nono
1890,Rsbn1,Cndp2
1891,Ddx58,Cwc15
1892,Galnt12,Ethe1
1893,4732418C07Rik,Fam89b
1894,Zmpste24,Mrpl4
1895,Fam63b,Grina
1896,Gbp9,Ndufb9
1897,Maob,Nit2
1898,Ddx26b,Dmap1
1899,Dock4,Pla2g12a
1900,Lmln,2310008H09Rik
1901,Lnpep,Ndufa7
1902,Malt1,Dctpp1
1903,Manea,Anp32e
1904,Fry,2500003M10Rik
1905,Parp12,Pgpep1
1906,C230081A13Rik,Ube2v1
1907,Snx14,Stoml2
1908,Ankrd57,Diablo
1909,Fbxl4,Eef1d
1910,Pon3,Ndufaf3
1911,Letm2,Rhoj
1912,Lpcat2,Jam3
1913,Pfkfb4,Mkrn2
1914,Vps13a,Agtpbp1
1915,Fndc3b,Mrpl46
1916,Cds1,Ilkap
1917,H6pd,Pin1
1918,Trp53bp2,Sdhb
1919,Leprel1,Stard5
1920,E330016A19Rik,Mdp1
1921,Zfyve16,Myl12b
1922,Ticam2,Mesdc2
1923,Amz1,Pgam1
1924,Rab8b,Mum1
1925,Zbtb37,Ssna1
1926,Klhdc7a,Ankra2
1927,Nrip1,Elac2
1928,Vcpip1,Elf2
1929,Nbeal1,Mrps9
1930,Fnip1,Tfpt
1931,Tapt1,Mrto4
1932,Mgat4a,Nol7
1933,Crybg3,Ipo5
1934,Atg4a,Kdelc1
1935,Ticam1,Ndel1
1936,Atp2c1,Igf2bp3
1937,Atg4c,Clns1a
1938,Lpar6,Ssbp3
1939,4930430F08Rik,Spns1
1940,1810030O07Rik,Tubb2b
1941,Wdr44,Abcb6
1942,Tmem161b,Zdhhc16
1943,Rnf139,Dtx2
1944,Rif1,Tollip
1945,2310014H01Rik,Paqr4
1946,Rapgef6,Ift46
1947,Fam53b,Cep70
1948,Dock10,Elp4
1949,Mob3c,Plekhj1
1950,B630005N14Rik,Chchd2
1951,Slco2b1,Sec61b
1952,Spty2d1,Hspbp1
1953,Mlh3,Atp6v1g1
1954,Mbnl2,Mrps23
1955,Ano6,Drap1
1956,Ankhd1,Mrpl38
1957,Fam72a,Ssbp2
1958,Rnf169,Yaf2
1959,Sp110,Arl2bp
1960,Mlec,Lrrc40
1961,Lrrc39,Tbc1d20
1962,Zfp710,Ndufa10
1963,Pion,Cstf1
1964,Rassf2,Sec13
1965,Zfp770,Rpl4
1966,Fam78a,Anapc4
1967,D730040F13Rik,Tomm20
1968,Ppm1k,Zfp593
1969,Zbtb38,Hsbp1
1970,Rttn,Pdhb
1971,Wdfy2,Crip2
1972,Ap4e1,Mrpl28
1973,Dido1,Pcyt2
1974,Rapgef5,Zfpl1
1975,Ppcdc,Qdpr
1976,Fam76b,Kif23
1977,Osbpl11,Phf10
1978,Ubash3b,2410042D21Rik
1979,Lig4,B3gat3
1980,Zfp944,Rps25
1981,Nt5dc1,Ipo4
1982,4732471D19Rik,4930455C21Rik
1983,C130050O18Rik,Fars2
1984,Apba1,Pppde1
1985,Trappc8,Ubxn6
1986,A630001G21Rik,Rab22a
1987,Olfml2b,Cyp4f16
1988,Tacc1,Rab12
1989,Ccdc66,Rab5c
1990,Vps13b,Ttc28
1991,Rinl,Grpel1
1992,Heatr5a,Sgta
1993,Vps13c,Amz2
1994,Chd9,Hnrnpk
1995,Atp2b3,Stmn2
1996,Mysm1,Tbrg1
1997,D030016E14Rik,Sra1
1998,Pptc7,Gm16515
1999,Arl4c,Btd
2000,Xpnpep3,Mrpl17
2001,Pik3r5,Lcmt1
2002,Rint1,Mrps7
2003,Pak2,Atp5d
2004,Wwp1,Dtd1
2005,Arl11,Mrpl54
2006,Camk1d,Sdhc
2007,Agphd1,0610009D07Rik
2008,Slc9a7,Krtcap2
2009,Gpr157,Gng11
2010,Rnf150,Txndc12
2011,Cog3,Chchd3
2012,Cyp2r1,Akr7a5
2013,Mia3,Aurkaip1
2014,Myo1d,Sharpin
2015,Parp16,Eif3f
2016,Zmym6,0610037P05Rik
2017,D19Ertd386e,Rmnd5b
2018,Plcb2,Ube2d3
2019,Secisbp2l,Tspan13
2020,Psd4,Dnajc30
2021,Zfp595,Chchd1
2022,Ralgapb,Acy1
2023,Ctso,Tipin
2024,2010015L04Rik,Wbscr22
2025,Ythdc1,Fam33a
2026,Clec12a,Eef1e1
2027,Crebl2,Tmem57
2028,Fhod1,Tmem14c
2029,Rtn4rl1,Ufc1
2030,Ssh2,Pop4
2031,Kctd12,Nip7
2032,Lrrc8a,Chchd5
2033,Ppp1r3b,Pgls
2034,Klhl18,Nudt14
2035,Prex1,Ubl5
2036,Fam179b,Nop10
2037,Rft1,Arl4d
2038,Ep300,Uqcrc1
2039,Med12l,Lage3
2040,Dennd2c,1110049F12Rik
2041,Slc9a9,Commd4
2042,Gmpr2,Vta1
2043,Hist2h3c1,Nenf
2044,Pxk,1190002H23Rik
2045,Dhx33,Rpl7l1
2046,Arap2,Mrps28
2047,Bbs9,Thoc7
2048,Tnfrsf21,Sc4mol
2049,Rcsd1,Eif1ax
2050,Commd8,Mrps16
2051,4933433P14Rik,Arfgap3
2052,Rgmb,Ssr2
2053,Uvrag,Nicn1
2054,Creb3l2,Mrps17
2055,8030462N17Rik,Ccdc28b
2056,Rab3gap1,1810009A15Rik
2057,Pigv,Haus2
2058,Siglech,Isoc1
2059,Sik2,Tpd52l2
2060,Plscr4,Mrps22
2061,Zfp438,Mrpl37
2062,Slc38a9,Anapc16
2063,Orai2,Ergic3
2064,Agmo,Rtcd1
2065,Nceh1,2310011J03Rik
2066,Rasal3,Slmo2
2067,Ppip5k1,Nudt2
2068,Trim65,Asf1a
2069,Cnot6l,2410001C21Rik
2070,Son,Mcts2
2071,D2hgdh,Aptx
2072,Garnl3,Tbcb
2073,Zscan29,Psmd6
2074,AI467606,Mrpl11
2075,Pld4,Polr2e
2076,Afap1l1,2410004B18Rik
2077,Tnfrsf14,Cyb5b
2078,Ube2q2,1810046J19Rik
2079,Tanc2,Magohb
2080,Zfp120,Cyc1
2081,B230219D22Rik,Mgst3
2082,C1rl,Mrpl20
2083,Prune2,Sys1
2084,Tmem64,Ptpmt1
2085,Aftph,Rpl15
2086,Pik3c3,Rps21
2087,Itpkc,Rpl36al
2088,Ppp1r9a,Fam136a
2089,Tppp,Zmat2
2090,Thada,Prelid1
2091,Pcmtd1,Dda1
2092,Gpr183,2400001E08Rik
2093,Zfp691,Rnf181
2094,Slc17a9,Tab1
2095,P2ry6,Asrgl1
2096,Fam107a,Cul7
2097,Slfn5,Eid1
2098,Accs,Rwdd1
2099,Usp24,2810004N23Rik
2100,1110002N22Rik,Timm50
2101,Nbeal2,Nipsnap3b
2102,Klhl6,Pomp
2103,Dennd4c,Fam107b
2104,Tbc1d2b,Cox6b1
2105,C330019G07Rik,Metap1d
2106,Sh3tc1,Zwint
2107,Tmem140,Gdpd1
2108,Ascc3,2610039C10Rik
2109,Fam175b,Snrnp40
2110,Gmip,Cmpk1
2111,Dagla,Farsa
2112,Tmx3,Gtf3a
2113,Helz,Ormdl3
2114,Zfp933,Snrnp27
2115,5031414D18Rik,Ubr7
2116,Wnk1,Tmem222
2117,D14Ertd668e,5730403B10Rik
2118,Enpp4,Ogfod2
2119,Cep135,Atpbd4
2120,Alg8,Tsen15
2121,Foxk1,Sike1
2122,3110062M04Rik,Ctnnbl1
2123,Trim30d,Pspc1
2124,Mast3,6330409N04Rik
2125,4922501C03Rik,Pgm1
2126,Phkb,Trappc5
2127,Fez2,Uqcrfs1
2128,Rrm2b,Rbm4b
2129,Cybasc3,4921524J17Rik
2130,Xkr8,Map1lc3a
2131,N4bp2l2,Rnf220
2132,Trim56,Dtnbp1
2133,Dennd4b,Prkrip1
2134,Zfp652,Rbm22
2135,Tlr13,Bcs1l
2136,Tlr12,Fbxo25
2137,H2-Ab1,Nacc1
2138,Tes,Tmem223
2139,Exoc5,Wdr45l
2140,Mycbp2,Mrpl33
2141,Man1c1,Lztr1
2142,Acsl4,Hmg20a
2143,Yipf6,Carhsp1
2144,Fndc3a,Bzw1
2145,Cflar,Wwp2
2146,Hook3,1300014I06Rik
2147,Kdelc2,Pccb
2148,Ctdspl2,Plin3
2149,Malat1,Nudt16l1
2150,Gm5512,Bzw2
2151,Gm6548,Ndufb7
2152,Pvt1,Sdhd
2153,Neat1,3110001D03Rik
2154,Pisd-ps1,Dsn1
2155,Pisd-ps3,Cdca7
2156,Pisd-ps2,Slc25a23
2157,H2-K2,Mrps18b
2158,Etohd2,2410002F23Rik
2159,2610203C22Rik,Med19
2160,Zfp862,Kctd20
2161,E230029C05Rik,Smarcd3
2162,Btbd19,Psmd12
2163,Ythdf3,Med28
2164,Senp2,Napa
2165,Clk1,Polr3k
2166,0610039K10Rik,2010011I20Rik
2167,Dleu2,Tmem88
2168,B230206F22Rik,Ccdc43
2169,G530011O06Rik,Thap4
2170,A530088E08Rik,2610002M06Rik
2171,Mir702,Itpa
2172,A130049A11Rik,Upf3a
2173,Lrch4-sap25,Mrpl45
2174,Gm10790,Pmf1
2175,Fam120b,Ift27
2176,9130019P16Rik,Tbc1d7
2177,Snora81,Paics
2178,Mir3064,Ola1
2179,1810026B05Rik,2810432L12Rik
2180,Hmga2-ps1,Dynlrb1
2181,4933412E12Rik,Cand2
2182,2610020C07Rik,D16Ertd472e
2183,Mir5107,Rpl14
2184,B230378P21Rik,Nrarp
2185,Gm14023,Atp5e
2186,Gm15441,Ube2g1
2187,LOC100503496,Kbtbd4
2188,Gm20300,Psmd9
2189,Gm10336,Rnaseh2b
2190,,Nt5c3
2191,,2610301B20Rik
2192,,Sft2d3
2193,,Eef1g
2194,,Ctdnep1
2195,,Nudcd2
2196,,Zcrb1
2197,,Pfdn1
2198,,Glod4
2199,,Lsm1
2200,,Gatad1
2201,,Armc10
2202,,Mrpl55
2203,,Rrp15
2204,,Med29
2205,,Wdr85
2206,,Prpf18
2207,,Cinp
2208,,2810453I06Rik
2209,,Rpl39
2210,,Zfp422
2211,,Lass4
2212,,Ndufb8
2213,,2900010M23Rik
2214,,Myl12a
2215,,Slc25a19
2216,,Rabl5
2217,,Ikbkap
2218,,Mrps24
2219,,Dock7
2220,,Snrpd3
2221,,Daam1
2222,,Gtf3c6
2223,,Eif2s1
2224,,Hat1
2225,,Bbs2
2226,,Med4
2227,,Hmgn3
2228,,1110008F13Rik
2229,,Fundc2
2230,,Erp29
2231,,Wdr13
2232,,Dhdds
2233,,Rps20
2234,,Ssr3
2235,,Xab2
2236,,Map1lc3b
2237,,Klhl13
2238,,Ergic1
2239,,Poc5
2240,,Sf3a1
2241,,Abhd5
2242,,Eepd1
2243,,Calcoco1
2244,,Atic
2245,,Tmem167b
2246,,Ahi1
2247,,Tmed9
2248,,Atg12
2249,,Cog6
2250,,Gstcd
2251,,Narfl
2252,,Mrfap1
2253,,Mrpl49
2254,,Tctn3
2255,,Necap1
2256,,Akt1s1
2257,,Narf
2258,,Ube2r2
2259,,Nob1
2260,,Bend5
2261,,Mxra7
2262,,Tm7sf3
2263,,Dctn4
2264,,Tceb2
2265,,Cuta
2266,,Lsm3
2267,,Mrpl18
2268,,2610029G23Rik
2269,,2310003F16Rik
2270,,Msra
2271,,1810048J11Rik
2272,,Polr2g
2273,,Nsmce1
2274,,Iah1
2275,,Slc48a1
2276,,Prpsap1
2277,,Arpc5
2278,,Ilf2
2279,,Plxnd1
2280,,Dalrd3
2281,,Tprgl
2282,,Poldip2
2283,,Ppp2r2d
2284,,Nmral1
2285,,Pop5
2286,,Wdr83
2287,,2610027L16Rik
2288,,1700021F05Rik
2289,,S100a16
2290,,Paip2
2291,,Enoph1
2292,,Mrrf
2293,,Mri1
2294,,Dcxr
2295,,Ufm1
2296,,Ppa1
2297,,Ccdc80
2298,,Pef1
2299,,Cmc1
2300,,Sumf2
2301,,Fam32a
2302,,Wdr55
2303,,Rps27l
2304,,Mki67ip
2305,,Tubb6
2306,,Trabd
2307,,Mrpl19
2308,,Mrps11
2309,,Srsf6
2310,,Fam134c
2311,,1110004E09Rik
2312,,Coq5
2313,,Bambi
2314,,Trap1
2315,,2810002N01Rik
2316,,Cdc42ep3
2317,,Rpl22l1
2318,,Zfp706
2319,,N6amt2
2320,,2700060E02Rik
2321,,Mpnd
2322,,Nutf2
2323,,Ddx56
2324,,Slc25a39
2325,,3010026O09Rik
2326,,Psmd8
2327,,Pak1ip1
2328,,Dcakd
2329,,Arpc4
2330,,Yif1a
2331,,Ncbp2
2332,,Rchy1
2333,,Fam92a
2334,,Txndc17
2335,,9430023L20Rik
2336,,Yeats4
2337,,Gcsh
2338,,Gar1
2339,,D10Wsu102e
2340,,Bcas2
2341,,Sympk
2342,,Ndufb2
2343,,Ccdc34
2344,,Urm1
2345,,Ccdc56
2346,,Fam98b
2347,,Fam166a
2348,,Efcab2
2349,,Nhp2
2350,,5430437P03Rik
2351,,Cdipt
2352,,Agpat4
2353,,Mfsd10
2354,,Prps2
2355,,Ccdc88c
2356,,Mul1
2357,,Ndufa8
2358,,Ict1
2359,,Phf5a
2360,,Mrpl53
2361,,Nsmce2
2362,,Fam96b
2363,,Mphosph6
2364,,Mrpl13
2365,,2310036O22Rik
2366,,Mrps18a
2367,,Hbxip
2368,,Vps25
2369,,Pmvk
2370,,1110012L19Rik
2371,,Fbxw9
2372,,Agpat5
2373,,Mlh1
2374,,Hddc3
2375,,Ppp6r2
2376,,Gtf2f2
2377,,Rabl2
2378,,Dhrs1
2379,,Arl8a
2380,,Dus1l
2381,,Mrps18c
2382,,Taf11
2383,,2310061C15Rik
2384,,Ppil1
2385,,Mtmr14
2386,,Mrpl52
2387,,Ubac2
2388,,Disp1
2389,,Pygo2
2390,,Aspscr1
2391,,Pink1
2392,,1500011H22Rik
2393,,Chmp2a
2394,,Ngdn
2395,,Eif1b
2396,,1500001M20Rik
2397,,Med27
2398,,Haghl
2399,,Ssu72
2400,,Snx15
2401,,1500032L24Rik
2402,,Zdhhc3
2403,,Isca1
2404,,Ebna1bp2
2405,,Triap1
2406,,Oxa1l
2407,,Stoml1
2408,,Snrpd2
2409,,1810035L17Rik
2410,,Lzic
2411,,Manbal
2412,,1810031K17Rik
2413,,1810027O10Rik
2414,,Ptms
2415,,Cryzl1
2416,,Polr2d
2417,,Kctd5
2418,,Rfc3
2419,,Scnm1
2420,,Dcps
2421,,Pfdn5
2422,,Btbd9
2423,,Fam116b
2424,,Bap1
2425,,2310003L22Rik
2426,,Mrpl30
2427,,Esam
2428,,2310004N24Rik
2429,,Klhdc2
2430,,Fastkd3
2431,,2310035K24Rik
2432,,Ccdc115
2433,,Hddc2
2434,,Tecr
2435,,Rnaseh2a
2436,,Smyd3
2437,,Tm2d2
2438,,Zfp511
2439,,Mrpl12
2440,,Eif1ad
2441,,Snrpf
2442,,Zfp219
2443,,2010305A19Rik
2444,,Obfc2b
2445,,Polr2i
2446,,Cdc16
2447,,Nt5dc2
2448,,Lysmd2
2449,,Meaf6
2450,,5-Mar
2451,,Znhit1
2452,,Sfxn1
2453,,Mllt3
2454,,Vps36
2455,,Fam162a
2456,,Gorasp2
2457,,Cd2bp2
2458,,Fuz
2459,,2510012J08Rik
2460,,Hdac8
2461,,Tet1
2462,,Tecpr1
2463,,Ttc9c
2464,,Rufy2
2465,,Cenpl
2466,,Wdr77
2467,,Glipr2
2468,,Btf3l4
2469,,5730437N04Rik
2470,,Gfod2
2471,,Pak4
2472,,Ecd
2473,,Sugp1
2474,,Nup205
2475,,Rufy3
2476,,3200002M19Rik
2477,,Wdr96
2478,,Ints10
2479,,Psd3
2480,,Spef1
2481,,Phf6
2482,,Naa40
2483,,Pcgf6
2484,,Arhgap19
2485,,Enkur
2486,,Rcbtb1
2487,,Tmem80
2488,,0610010F05Rik
2489,,Ubiad1
2490,,Csnk1d
2491,,Mus81
2492,,Stk11ip
2493,,Lrwd1
2494,,Coasy
2495,,1300018J18Rik
2496,,C2cd2l
2497,,Raver1
2498,,Tysnd1
2499,,8-Mar
2500,,Trnau1ap
2501,,Ranbp3
2502,,Dcaf7
2503,,2310003H01Rik
2504,,Ppapdc1b
2505,,Rpap3
2506,,2310067B10Rik
2507,,Lass5
2508,,2400003C14Rik
2509,,Cpsf3l
2510,,Cdca4
2511,,Nkiras2
2512,,Ddx54
2513,,Ercc8
2514,,Cnn3
2515,,Fbxo22
2516,,Trmu
2517,,Cotl1
2518,,Sulf2
2519,,Tmub2
2520,,Mettl10
2521,,Jmjd8
2522,,Zbed3
2523,,Ccdc123
2524,,Adpgk
2525,,Slc37a3
2526,,Frmd6
2527,,Rfc5
2528,,2610020H08Rik
2529,,Pgm2
2530,,Supt7l
2531,,Oraov1
2532,,Rusc1
2533,,Xpo5
2534,,Wdr89
2535,,2210016L21Rik
2536,,Fam192a
2537,,Shmt2
2538,,Htatsf1
2539,,Acbd6
2540,,Ppme1
2541,,Pdzd11
2542,,Tdrkh
2543,,Dis3
2544,,Tmx1
2545,,Tdp1
2546,,Tmem48
2547,,Ttc19
2548,,Mon1a
2549,,Cxx1c
2550,,2900006K08Rik
2551,,Zdhhc4
2552,,Hspb11
2553,,Top1mt
2554,,Prkrir
2555,,Tmem138
2556,,Glrx5
2557,,Fut11
2558,,Pmpcb
2559,,3110003A17Rik
2560,,Prkcdbp
2561,,Tm7sf2
2562,,3110082I17Rik
2563,,1600027N09Rik
2564,,Dcbld2
2565,,Rasip1
2566,,1700066M21Rik
2567,,Thoc3
2568,,Bloc1s2
2569,,Glipr1
2570,,Fam125a
2571,,Haus7
2572,,Cby1
2573,,Tmtc4
2574,,Eif3k
2575,,Rap2b
2576,,Pex26
2577,,Ttc21a
2578,,Pi4k2b
2579,,Npl
2580,,Tjap1
2581,,Pop7
2582,,Gga2
2583,,Parn
2584,,Cbx6
2585,,Ampd2
2586,,Lonp1
2587,,Robo4
2588,,F13a1
2589,,Slc35f5
2590,,Ftsjd2
2591,,Josd1
2592,,Katnb1
2593,,Rnd3
2594,,Elp3
2595,,Gtf2e1
2596,,2810403A07Rik
2597,,Cep97
2598,,Xpo6
2599,,Mterfd3
2600,,Usp20
2601,,Chic2
2602,,Cxxc1
2603,,Hnrnpr
2604,,4632415K11Rik
2605,,Gle1
2606,,Polr3c
2607,,Zfp558
2608,,Cep72
2609,,4933427D14Rik
2610,,Gorasp1
2611,,8430419L09Rik
2612,,Sppl3
2613,,Abcb8
2614,,4930444A02Rik
2615,,5730419I09Rik
2616,,Klc4
2617,,Lmbr1l
2618,,Sepn1
2619,,Rrp7a
2620,,Qtrtd1
2621,,Sf3a3
2622,,Zbtb49
2623,,Pelp1
2624,,Mrpl32
2625,,Ndufs7
2626,,Phpt1
2627,,Ccdc101
2628,,Chmp4b
2629,,Med25
2630,,2810422J05Rik
2631,,1700029F09Rik
2632,,Pih1d1
2633,,Mff
2634,,9130401M01Rik
2635,,Slx1b
2636,,Them4
2637,,4930402H24Rik
2638,,Adal
2639,,Ttpal
2640,,Gpsm2
2641,,Snrnp35
2642,,Pwp2
2643,,Tsen54
2644,,Kti12
2645,,Rab1b
2646,,2310003C23Rik
2647,,Lhpp
2648,,Glt8d1
2649,,Ip6k2
2650,,Commd9
2651,,Gpr172b
2652,,Tmem101
2653,,Dapk1
2654,,Snx7
2655,,Fam65b
2656,,Srxn1
2657,,Eprs
2658,,Cluap1
2659,,Klhdc10
2660,,2510006D16Rik
2661,,Rpl18a
2662,,Bri3bp
2663,,Fam54b
2664,,Hyls1
2665,,Rps9
2666,,Dcun1d5
2667,,Raf1
2668,,Cyb5r3
2669,,Arfip2
2670,,Bcl7a
2671,,Cnrip1
2672,,5930434B04Rik
2673,,Hnrnpa0
2674,,Tbcd
2675,,Hgsnat
2676,,Wdr82
2677,,Fam115a
2678,,H2afv
2679,,Apex2
2680,,Smpd4
2681,,Snapc3
2682,,Mmab
2683,,Mrps5
2684,,Cdkn2aipnl
2685,,Trim35
2686,,Sla2
2687,,Lrrc42
2688,,Lbh
2689,,Mccc2
2690,,Mospd3
2691,,Zfp687
2692,,Sf3b2
2693,,Mrpl9
2694,,Nol3
2695,,Armc9
2696,,Aacs
2697,,Wrnip1
2698,,Polr3h
2699,,Saal1
2700,,Dync1h1
2701,,Abcg3
2702,,2900092E17Rik
2703,,Setd8
2704,,Tada1
2705,,Cdk5rap3
2706,,BC003266
2707,,Tusc3
2708,,Rilpl2
2709,,Sesn3
2710,,Pofut2
2711,,Vps16
2712,,Rnf34
2713,,Nbea
2714,,Gys1
2715,,Ifitm2
2716,,Mesdc1
2717,,Dtx3
2718,,Polh
2719,,Gatsl2
2720,,Rnf114
2721,,Id4
2722,,Glis2
2723,,Akap12
2724,,Slc22a8
2725,,Msr1
2726,,Tsta3
2727,,Lamtor2
2728,,Cstf2t
2729,,Ngrn
2730,,Wdr6
2731,,Smarcd1
2732,,Cenpq
2733,,Ppp1ca
2734,,Tnk1
2735,,Nudt19
2736,,8-Sep
2737,,Snurf
2738,,Srebf2
2739,,E2f6
2740,,Dgcr8
2741,,Loxl2
2742,,Ppp1r16a
2743,,Jmjd6
2744,,Spred2
2745,,Ubqln4
2746,,Eif4h
2747,,Klf7
2748,,Snf8
2749,,Wbscr16
2750,,Prcc
2751,,Pcdhgb1
2752,,Pcdhgb2
2753,,Pcdhgb4
2754,,Pcdhgb5
2755,,Pcdhgb6
2756,,Pcdhgb7
2757,,Pcdhgb8
2758,,Pcdhgc3
2759,,Pcdhgc4
2760,,Pcdhgc5
2761,,Pcdhga2
2762,,Pcdhga3
2763,,Pcdhga4
2764,,Pcdhga5
2765,,Pcdhga6
2766,,Pcdhga7
2767,,Pcdhga8
2768,,Pcdhga9
2769,,Pcdhga10
2770,,Pcdhga11
2771,,Pcdhga12
2772,,Pard3
2773,,Agpat3
2774,,Nup62
2775,,Rheb
2776,,Fam126a
2777,,Setbp1
2778,,Echs1
2779,,Mrpl36
2780,,Mrpl43
2781,,Nans
2782,,Cdk20
2783,,Ric8
2784,,Magee1
2785,,Erc1
2786,,Egln1
2787,,Egln2
2788,,Lyve1
2789,,Rpl31
2790,,Hnrnpa3
2791,,Dhcr24
2792,,Ttyh2
2793,,Tulp4
2794,,Gpr124
2795,,Def8
2796,,Pip4k2b
2797,,Afg3l1
2798,,Fgfrl1
2799,,Mta1
2800,,Slc19a2
2801,,Ube3b
2802,,1110038F14Rik
2803,,Bag6
2804,,Fubp1
2805,,Klf16
2806,,Igsf8
2807,,Srgap3
2808,,Zfp358
2809,,Eri3
2810,,Psmd5
2811,,Ppap2b
2812,,Ube2n
2813,,Aco2
2814,,Eif3h
2815,,D17Wsu104e
2816,,Zcchc14
2817,,Vps4a
2818,,Colec12
2819,,Elovl6
2820,,Acaa1a
2821,,Pabpc4
2822,,Idh3b
2823,,Anp32b
2824,,Cstf2
2825,,Pygl
2826,,Mfn2
2827,,Sertad3
2828,,Xpnpep1
2829,,Zfp704
2830,,Rac3
2831,,Rfxap
2832,,Glcci1
2833,,Apcdd1
2834,,Ing4
2835,,Asb6
2836,,Dhx30
2837,,Mapre3
2838,,Acaca
2839,,Ndufv1
2840,,Pdk2
2841,,Slc25a3
2842,,Osgep
2843,,Rbm42
2844,,Tmem97
2845,,Gmppa
2846,,2310037I24Rik
2847,,Fam108c
2848,,St13
2849,,Kptn
2850,,Antxr2
2851,,Prmt3
2852,,Ccdc71
2853,,Fam98a
2854,,Fam118a
2855,,Tubgcp2
2856,,Gpn1
2857,,Ncapg2
2858,,Dnttip1
2859,,Fbxo31
2860,,Cyfip2
2861,,Adck4
2862,,Memo1
2863,,Stard4
2864,,Fam131a
2865,,Pigt
2866,,Ptges2
2867,,Smc4
2868,,Qars
2869,,Arhgdia
2870,,4833439L19Rik
2871,,Nol12
2872,,Gtf2f1
2873,,Dpp3
2874,,Tmem132a
2875,,Cops8
2876,,Lrrc59
2877,,Sh3bp4
2878,,AI597479
2879,,Phlpp1
2880,,Atp6v1h
2881,,Gltscr2
2882,,Rdh10
2883,,Ubac1
2884,,Cdc123
2885,,Mmadhc
2886,,Tm9sf4
2887,,Snapin
2888,,Fam63a
2889,,Kdm1a
2890,,Adprhl2
2891,,Gpn2
2892,,Stx12
2893,,Lrrc8c
2894,,Psph
2895,,Gpr125
2896,,Eif3b
2897,,Itfg2
2898,,Creld1
2899,,Pot1a
2900,,Tada3
2901,,Isy1
2902,,Naa38
2903,,Dhx32
2904,,Vrk3
2905,,Psip1
2906,,Ptov1
2907,,Kdelr1
2908,,Rrp8
2909,,Unc45a
2910,,Sf3b3
2911,,AA960436
2912,,Dohh
2913,,Taf5l
2914,,Zdhhc7
2915,,Snapc2
2916,,Cog4
2917,,Imp3
2918,,Ano10
2919,,Alg9
2920,,Cd276
2921,,Tcta
2922,,Ftsj1
2923,,Pan2
2924,,Pwp1
2925,,1810008A18Rik
2926,,Nup107
2927,,Tbrg4
2928,,Mbtd1
2929,,Fbxw11
2930,,Tmed4
2931,,Tubg1
2932,,Nt5m
2933,,Pelo
2934,,Ddx41
2935,,Ankrd32
2936,,Chmp7
2937,,Adk
2938,,Dnajc9
2939,,Farp1
2940,,Slc38a1
2941,,Scrib
2942,,Sgsm3
2943,,Mtbp
2944,,Pppde2
2945,,Psmd2
2946,,Stk38
2947,,Pkdcc
2948,,Ift140
2949,,Prpf19
2950,,Slc39a3
2951,,Psmg2
2952,,Wdr74
2953,,Ciapin1
2954,,Otub1
2955,,Yars
2956,,Elovl5
2957,,Slc26a6
2958,,Il17rd
2959,,Fdps
2960,,Tymp
2961,,Mical1
2962,,1700088E04Rik
2963,,Spg21
2964,,Ubfd1
2965,,Usp39
2966,,Med10
2967,,Atp5o
2968,,D11Wsu99e
2969,,Tomm70a
2970,,D10Jhu81e
2971,,Praf2
2972,,Ppp1r3f
2973,,Mvd
2974,,Socs7
2975,,Eif4a3
2976,,Med9
2977,,Shkbp1
2978,,Lrrc4
2979,,Gnb5
2980,,Ssx2ip
2981,,Ppp2r4
2982,,Ell2
2983,,Cspg4
2984,,Csda
2985,,Slc39a6
2986,,Ogt
2987,,Fus
2988,,Agap3
2989,,Rab40c
2990,,Plac8
2991,,Cytip
2992,,Nol6
2993,,Galnt2
2994,,Cdc26
2995,,Sh3glb2
2996,,Vasn
2997,,Stard7
2998,,Arl6ip4
2999,,Commd1
3000,,Snap47
3001,,Tbc1d10b
3002,,Ccdc21
3003,,Bre
3004,,Acat1
3005,,Slc25a38
3006,,Metrnl
3007,,Mtss1
3008,,Hnrpll
3009,,Cbara1
3010,,Wrap53
3011,,Aarsd1
3012,,Zfp410
3013,,Ube2e2
3014,,Nrbp2
3015,,Ankrd54
3016,,Dus3l
3017,,Mettl13
3018,,BC005624
3019,,Exosc2
3020,,Ncoa5
3021,,Apoa1bp
3022,,Msto1
3023,,Tmem150a
3024,,Elmod3
3025,,Smyd5
3026,,Blvrb
3027,,Ppil2
3028,,Hip1r
3029,,Ugt1a6a
3030,,Pex16
3031,,Pitrm1
3032,,Eif3l
3033,,Chst10
3034,,Aif1l
3035,,Pomt1
3036,,Gtpbp6
3037,,Prc1
3038,,Abhd11
3039,,Yipf3
3040,,Rnf185
3041,,Fam100a
3042,,Btbd2
3043,,Txndc5
3044,,Eif2b1
3045,,Pla2g4b
3046,,Eif3m
3047,,Pqlc2
3048,,Athl1
3049,,Bag2
3050,,Tbl3
3051,,Prmt7
3052,,Ubl4
3053,,Chtf8
3054,,Ube2d1
3055,,Fam108a
3056,,D10Wsu52e
3057,,Atpaf2
3058,,Nle1
3059,,Nr1d1
3060,,Eif2b2
3061,,BC022687
3062,,Oxnad1
3063,,Lrrc14
3064,,Pim3
3065,,Klhl22
3066,,Rfc4
3067,,2-Mar
3068,,Epb4.1l5
3069,,5430435G22Rik
3070,,Rabif
3071,,Trub2
3072,,Rabepk
3073,,Atg13
3074,,Tmem189
3075,,Ahcyl1
3076,,Ldlrap1
3077,,Tardbp
3078,,9430015G10Rik
3079,,Zfp932
3080,,Fbxo21
3081,,Mrps35
3082,,Ctu1
3083,,Pgap2
3084,,Thumpd1
3085,,Tmem161a
3086,,Zfp330
3087,,Klhdc4
3088,,Chmp1a
3089,,Ppan
3090,,Lrrc49
3091,,Eif4b
3092,,Usp11
3093,,Polr2h
3094,,Tinf2
3095,,Nup43
3096,,Arfgap1
3097,,Ehmt2
3098,,Cables2
3099,,Rell1
3100,,Mgat4b
3101,,Fntb
3102,,Alg3
3103,,Wipi1
3104,,Fanci
3105,,Ap1ar
3106,,L3mbtl2
3107,,Hip1
3108,,Lss
3109,,Tcp11l2
3110,,Chd3
3111,,Ankmy2
3112,,Ahsa1
3113,,B4galt7
3114,,Fermt2
3115,,2610301G19Rik
3116,,Tfb1m
3117,,Lemd2
3118,,Csnk1a1
3119,,Haus1
3120,,Ubxn1
3121,,Cbwd1
3122,,Aph1a
3123,,Lyplal1
3124,,Actr1b
3125,,Tubb4b
3126,,Fam129b
3127,,Dennd1a
3128,,Sord
3129,,Dlgap4
3130,,Pcif1
3131,,Ipo13
3132,,Ppp1r8
3133,,Vopp1
3134,,Paip2b
3135,,Ncapd2
3136,,Zfp282
3137,,Klc3
3138,,Wdr62
3139,,Eif3c
3140,,Zfp553
3141,,Glt25d1
3142,,Ftsjd1
3143,,Dync1li1
3144,,Mmgt1
3145,,Cdk17
3146,,Cchcr1
3147,,Tbc1d13
3148,,Tagap1
3149,,Homer1
3150,,Nrbp1
3151,,Vwa1
3152,,Commd3
3153,,Gtf3c5
3154,,Slc1a3
3155,,Stx3
3156,,Tor2a
3157,,Plk2
3158,,Csnk1g3
3159,,Ttc27
3160,,Rbm17
3161,,Kdm5b
3162,,Egfl8
3163,,Sf3b4
3164,,Nomo1
3165,,Mapre2
3166,,Ndufs2
3167,,Ddx27
3168,,Ehbp1
3169,,Dnajc27
3170,,Thtpa
3171,,Ctdsp1
3172,,9530068E07Rik
3173,,Nat10
3174,,Klhl12
3175,,Irgq
3176,,Slc35e4
3177,,Acat3
3178,,2410015M20Rik
3179,,Zcchc17
3180,,Wdr19
3181,,Eif2c1
3182,,Rbm45
3183,,Pomt2
3184,,Aaas
3185,,Grwd1
3186,,Rtn1
3187,,Ammecr1l
3188,,Bcl2l13
3189,,Lrrc41
3190,,Insig1
3191,,Dnajb13
3192,,Phldb1
3193,,C85492
3194,,Lrrc20
3195,,E430025E21Rik
3196,,Dirc2
3197,,BC029214
3198,,Qsox2
3199,,Fam40a
3200,,Yrdc
3201,,Noc4l
3202,,Katnal1
3203,,Ino80e
3204,,Gpm6a
3205,,Cnot10
3206,,Nars2
3207,,Rnf26
3208,,Ipo9
3209,,Ctu2
3210,,Pygb
3211,,Flywch1
3212,,Peo1
3213,,Edc3
3214,,Mettl11a
3215,,Rps15a
3216,,Fam134a
3217,,Spata2
3218,,U2af1l4
3219,,Elof1
3220,,Rpl32
3221,,Pddc1
3222,,Entpd6
3223,,Crocc
3224,,Kdm4b
3225,,B9d2
3226,,Ift52
3227,,Hinfp
3228,,Sidt2
3229,,Eif2b5
3230,,Snx8
3231,,Mark4
3232,,Rnf40
3233,,Fuk
3234,,Nup133
3235,,Slc36a4
3236,,Foxred1
3237,,Ube2z
3238,,Tarsl2
3239,,Slc16a13
3240,,Cdc42se1
3241,,9130011J15Rik
3242,,Dnajc8
3243,,Nup93
3244,,Gpc2
3245,,Ccdc134
3246,,Thoc5
3247,,Shroom2
3248,,Tbc1d16
3249,,Bzrap1
3250,,Sned1
3251,,Zc3hav1l
3252,,Dennd2a
3253,,Slc38a5
3254,,Ncoa7
3255,,Dcaf15
3256,,Zswim4
3257,,A730008H23Rik
3258,,Abhd10
3259,,Slc18a2
3260,,Gnptg
3261,,Aldh5a1
3262,,Zfp609
3263,,Vezt
3264,,Tmem120a
3265,,Cnksr3
3266,,Cntrob
3267,,Tada2a
3268,,Fbf1
3269,,Coq6
3270,,Serinc5
3271,,Txndc16
3272,,Wdhd1
3273,,Rab2b
3274,,Tomm22
3275,,Rnd1
3276,,Tmem44
3277,,C330027C09Rik
3278,,Zfp523
3279,,Adamts10
3280,,Vps52
3281,,Kctd3
3282,,Stradb
3283,,D2Wsu81e
3284,,Gtdc1
3285,,Lrp4
3286,,Frmd5
3287,,Acad9
3288,,D930015E06Rik
3289,,B230312A22Rik
3290,,Gba2
3291,,Prpf38a
3292,,Oscp1
3293,,Dnajc11
3294,,Phf13
3295,,Ppp1cb
3296,,Pcgf3
3297,,Chfr
3298,,Fbxw8
3299,,Adap1
3300,,E130309D02Rik
3301,,Dera
3302,,Zc3hc1
3303,,Zfp954
3304,,Grlf1
3305,,Hirip3
3306,,Kctd13
3307,,Fbxl19
3308,,Sugp2
3309,,Heatr3
3310,,Sc5d
3311,,Atrip
3312,,Plxnb1
3313,,Slc9a6
3314,,Ankrd52
3315,,Lrp12
3316,,Frem2
3317,,2900026A02Rik
3318,,Amdhd2
3319,,Cops7b
3320,,Idh2
3321,,Vat1l
3322,,Limk2
3323,,Pmpca
3324,,Fam164a
3325,,Rbmx2
3326,,Nhsl1
3327,,Rgs12
3328,,Nav1
3329,,Fbxo45
3330,,2310044G17Rik
3331,,8430410A17Rik
3332,,Maoa
3333,,Wdr24
3334,,Rnasek
3335,,2610019F03Rik
3336,,Nudcd3
3337,,Ilvbl
3338,,1110067D22Rik
3339,,Ube2o
3340,,Mrps27
3341,,Ubtd2
3342,,Npr2
3343,,Gpt2
3344,,Rcc2
3345,,Atg4b
3346,,Eny2
3347,,Atp5g3
3348,,Samd4b
3349,,Stk36
3350,,Commd2
3351,,Fam53c
3352,,Tmem177
3353,,2310022A10Rik
3354,,Rps19bp1
3355,,Rae1
3356,,Trak1
3357,,1110051M20Rik
3358,,Lrrc28
3359,,1110038D17Rik
3360,,Ankrd46
3361,,Rnf122
3362,,Vars2
3363,,2310022B05Rik
3364,,Galk2
3365,,Sash1
3366,,Pogk
3367,,Klhl5
3368,,Hsdl1
3369,,Swi5
3370,,3110056O03Rik
3371,,Hspa12a
3372,,Ralgps1
3373,,Hectd3
3374,,Mzt1
3375,,Myh10
3376,,Epm2aip1
3377,,Ttyh3
3378,,Anapc2
3379,,Nt5dc3
3380,,Unc119b
3381,,Obfc1
3382,,Lyrm2
3383,,Mex3b
3384,,Rdh13
3385,,2700081O15Rik
3386,,6530418L21Rik
3387,,Exosc4
3388,,Sephs1
3389,,Fbxw17
3390,,Rbm15b
3391,,Tspan9
3392,,Aldh4a1
3393,,Wdr18
3394,,Ckap4
3395,,Sestd1
3396,,Fras1
3397,,Coro2b
3398,,Ccdc38
3399,,Txnl4b
3400,,4930471M23Rik
3401,,Fchsd1
3402,,Zfp608
3403,,Ccdc88a
3404,,Ints5
3405,,Fam100b
3406,,Wdr59
3407,,Brwd1
3408,,Hif1an
3409,,Fbxl7
3410,,Usp37
3411,,Topbp1
3412,,9630033F20Rik
3413,,Dock6
3414,,Flad1
3415,,Iqcb1
3416,,D230037D09Rik
3417,,Cenpt
3418,,Ocrl
3419,,Casc1
3420,,Tmem154
3421,,Zhx3
3422,,Hnrnpl
3423,,Zfp653
3424,,Tsr1
3425,,Mapkap1
3426,,Vash1
3427,,Sh3pxd2b
3428,,Dna2
3429,,Rab5b
3430,,Tmcc1
3431,,Micall1
3432,,D19Bwg1357e
3433,,Thnsl1
3434,,Ulk4
3435,,Mtmr9
3436,,Cdc34
3437,,Ldoc1l
3438,,Fam43a
3439,,D030056L22Rik
3440,,Isg20l2
3441,,Zfp637
3442,,H2afj
3443,,Bloc1s3
3444,,Lsm14b
3445,,Impad1
3446,,Lrrc61
3447,,Eme1
3448,,Klhl23
3449,,Zfp385c
3450,,Lcmt2
3451,,Tmem67
3452,,Vps37b
3453,,C030046I01Rik
3454,,Vps26b
3455,,Mterfd2
3456,,Thra
3457,,1110012D08Rik
3458,,Agap1
3459,,Pik3ip1
3460,,Hist2h2be
3461,,Hist3h2a
3462,,Smg5
3463,,Zfp827
3464,,Cdc23
3465,,Klf11
3466,,Rraga
3467,,Commd10
3468,,Cox10
3469,,Dhx38
3470,,Wipi2
3471,,Zfp334
3472,,Cpsf4
3473,,Tagln2
3474,,Mrpl50
3475,,Nop16
3476,,Samm50
3477,,Psmd11
3478,,1810026J23Rik
3479,,Cdc42se2
3480,,Poldip3
3481,,Atl1
3482,,Ints7
3483,,Kat5
3484,,Inpp5f
3485,,Oaf
3486,,Blmh
3487,,Ubxn8
3488,,Sccpdh
3489,,Ank2
3490,,Pde12
3491,,Mapk1ip1l
3492,,C130074G19Rik
3493,,Zer1
3494,,Dpy19l3
3495,,Pcid2
3496,,Smcr7l
3497,,Klhl8
3498,,Slc26a11
3499,,Ss18l1
3500,,Irf2bp1
3501,,Fam113a
3502,,Slc7a6
3503,,B3gnt9-ps
3504,,Wdr92
3505,,Lmf2
3506,,Hic2
3507,,Pdrg1
3508,,Atad3a
3509,,Trappc9
3510,,Gars
3511,,Foxn2
3512,,Lphn1
3513,,Slc25a15
3514,,Gtf2h5
3515,,Rftn1
3516,,Wdr47
3517,,Parp11
3518,,Vps37c
3519,,Gtf2h3
3520,,Atrnl1
3521,,Gm15800
3522,,Supv3l1
3523,,Caprin2
3524,,Pik3r3
3525,,Ckap2l
3526,,Shq1
3527,,Edc4
3528,,Prdm4
3529,,Aida
3530,,4930534B04Rik
3531,,Hcfc1r1
3532,,Spred3
3533,,Prkab2
3534,,Ttll12
3535,,Raver2
3536,,Igf2bp2
3537,,1110021L09Rik
3538,,Tet3
3539,,BC003965
3540,,E030010A14Rik
3541,,Mpv17l2
3542,,Tspan18
3543,,Fat4
3544,,Stk35
3545,,Pbx1
3546,,Gadd45gip1
3547,,Sgsm2
3548,,Prosapip1
3549,,Cox19
3550,,Trim37
3551,,1700025G04Rik
3552,,2310044H10Rik
3553,,Tut1
3554,,Arl16
3555,,4930422G04Rik
3556,,6330578E17Rik
3557,,Cep78
3558,,Iqcc
3559,,Alkbh6
3560,,Tubgcp3
3561,,Cachd1
3562,,Tmem63b
3563,,Ppp2r5b
3564,,Gmeb2
3565,,Yars2
3566,,Nup188
3567,,Nsfl1c
3568,,Aars2
3569,,Rsl24d1
3570,,Ap2s1
3571,,Mex3d
3572,,Mtss1l
3573,,Tbc1d22b
3574,,Hjurp
3575,,Gse1
3576,,Nlgn2
3577,,Hn1l
3578,,Bend3
3579,,Tsen2
3580,,Lrrc68
3581,,Bckdhb
3582,,Rbfa
3583,,Hdac10
3584,,Sema6d
3585,,Mtg1
3586,,Tmem39b
3587,,Wdtc1
3588,,Clec4a1
3589,,Dot1l
3590,,Rrp12
3591,,Zhx2
3592,,Col8a2
3593,,Lrrc47
3594,,Tssc1
3595,,Lyrm4
3596,,Tmem106c
3597,,BC055324
3598,,Pigs
3599,,Ugt1a6b
3600,,Ugt1a10
3601,,Ugt1a7c
3602,,Ugt1a5
3603,,Ugt1a9
3604,,Rwdd4a
3605,,Jtb
3606,,Wtip
3607,,Hdac4
3608,,Ptpdc1
3609,,Gtf3c1
3610,,Zfp532
3611,,Plcxd1
3612,,Wrb
3613,,Opa3
3614,,Gabpb1
3615,,Kif1b
3616,,Psmf1
3617,,Cnot6
3618,,Gas5
3619,,Peg13
3620,,Gm5643
3621,,Gm10052
3622,,Snhg1
3623,,Gm15772
3624,,Gm7367
3625,,4933431E20Rik
3626,,9430008C03Rik
3627,,9530082P21Rik
3628,,1500004A13Rik
3629,,4932415G12Rik
3630,,BC029722
3631,,1700012B15Rik
3632,,2610035D17Rik
3633,,2210015D19Rik
3634,,C030044B11Rik
3635,,Snhg6
3636,,Prmt6
3637,,5930416I19Rik
3638,,Gm9786
3639,,Deaf1
3640,,A030009H04Rik
3641,,1810058I24Rik
3642,,0610012G03Rik
3643,,1110038B12Rik
3644,,Wdr73
3645,,2810025M15Rik
3646,,Gm12191
3647,,2210013O21Rik
3648,,Prr3
3649,,2010320M18Rik
3650,,E130317F20Rik
3651,,Snhg12
3652,,Mir546
3653,,Mir703
3654,,1110002L01Rik
3655,,2210403K04Rik
3656,,Ankrd10
3657,,Atf5
3658,,Bmp1
3659,,Gm12669
3660,,Zfp414
3661,,Srsf3
3662,,Alg13
3663,,Atp6v0c-ps2
3664,,1600020E01Rik
3665,,E130307A14Rik
3666,,Raver1-fdx1l
3667,,Mir5114
3668,,Mir5121
3669,,6430706D22Rik
3670,,Mipep
3671,,Snhg5
3672,,2810013P06Rik
